filepath,testclass,testname,line number,assert string
examples\javascript\tests\test_js_example.py,,check,16,assert template.name == template_name
examples\javascript\tests\test_js_example.py,,test_add,27,assert response.get_json()['result'] == result
examples\javascript\tests\test_js_example.py,,test_index,16,assert template.name == template_name
examples\tutorial\tests\test_auth.py,,test_login,41,assert client.get('/auth/login').status_code == 200
examples\tutorial\tests\test_auth.py,,test_login,45,assert response.headers['Location'] == '/'
examples\tutorial\tests\test_auth.py,,test_login,51,assert session['user_id'] == 1
examples\tutorial\tests\test_auth.py,,test_login,52,assert g.user['username'] == 'test'
examples\tutorial\tests\test_auth.py,,test_login_validate_input,61,assert message in response.data
examples\tutorial\tests\test_auth.py,,test_logout,69,assert 'user_id' not in session
examples\tutorial\tests\test_auth.py,,test_register,10,assert client.get('/auth/register').status_code == 200
examples\tutorial\tests\test_auth.py,,test_register,14,assert response.headers['Location'] == '/auth/login'
examples\tutorial\tests\test_auth.py,,test_register,18,"assert get_db().execute(""SELECT * FROM user WHERE username = 'a'"").fetchone() is not None"
examples\tutorial\tests\test_auth.py,,test_register_validate_input,36,assert message in response.data
examples\tutorial\tests\test_blog.py,,test_author_required,34,assert client.post('/1/update').status_code == 403
examples\tutorial\tests\test_blog.py,,test_author_required,35,assert client.post('/1/delete').status_code == 403
examples\tutorial\tests\test_blog.py,,test_author_required,37,"assert b'href=""/1/update""' not in client.get('/').data"
examples\tutorial\tests\test_blog.py,,test_create,48,assert client.get('/create').status_code == 200
examples\tutorial\tests\test_blog.py,,test_create,54,assert count == 2
examples\tutorial\tests\test_blog.py,,test_create_update_validate,72,assert b'Title is required.' in response.data
examples\tutorial\tests\test_blog.py,,test_delete,78,assert response.headers['Location'] == '/'
examples\tutorial\tests\test_blog.py,,test_delete,83,assert post is None
examples\tutorial\tests\test_blog.py,,test_exists_required,43,assert client.post(path).status_code == 404
examples\tutorial\tests\test_blog.py,,test_index,8,assert b'Log In' in response.data
examples\tutorial\tests\test_blog.py,,test_index,9,assert b'Register' in response.data
examples\tutorial\tests\test_blog.py,,test_index,13,assert b'test title' in response.data
examples\tutorial\tests\test_blog.py,,test_index,14,assert b'by test on 2018-01-01' in response.data
examples\tutorial\tests\test_blog.py,,test_index,15,assert b'test\nbody' in response.data
examples\tutorial\tests\test_blog.py,,test_index,16,"assert b'href=""/1/update""' in response.data"
examples\tutorial\tests\test_blog.py,,test_login_required,22,assert response.headers['Location'] == '/auth/login'
examples\tutorial\tests\test_blog.py,,test_update,59,assert client.get('/1/update').status_code == 200
examples\tutorial\tests\test_blog.py,,test_update,65,assert post['title'] == 'updated'
examples\tutorial\tests\test_db.py,,test_get_close_db,11,assert db is get_db()
examples\tutorial\tests\test_db.py,,test_get_close_db,16,assert 'closed' in str(e.value)
examples\tutorial\tests\test_db.py,,test_init_db_command,28,assert 'Initialized' in result.output
examples\tutorial\tests\test_db.py,,test_init_db_command,29,assert Recorder.called
examples\tutorial\tests\test_factory.py,,test_config,6,assert not create_app().testing
examples\tutorial\tests\test_factory.py,,test_config,7,assert create_app({'TESTING': True}).testing
examples\tutorial\tests\test_factory.py,,test_hello,12,"assert response.data == b'Hello, World!'"
src\flask\testing.py,EnvironBuilder,__init__,59,"assert not (base_url or subdomain or url_scheme) or (base_url is not None) != bool(subdomain or url_scheme), 'Cannot pass ""subdomain"" or ""url_scheme"" with ""base_url"".'"
tests\conftest.py,,leak_detector,95,assert leaks == []
tests\test_appctx.py,,index,184,assert flask.request.environ['werkzeug.request'] is not None
tests\test_appctx.py,,test_app_context_provides_current_app,40,assert flask.current_app._get_current_object() is app
tests\test_appctx.py,,test_app_context_provides_current_app,41,assert not flask.current_app
tests\test_appctx.py,,test_app_ctx_globals_methods,136,assert flask.g.get('foo') is None
tests\test_appctx.py,,test_app_ctx_globals_methods,137,"assert flask.g.get('foo', 'bar') == 'bar'"
tests\test_appctx.py,,test_app_ctx_globals_methods,139,assert 'foo' not in flask.g
tests\test_appctx.py,,test_app_ctx_globals_methods,141,assert 'foo' in flask.g
tests\test_appctx.py,,test_app_ctx_globals_methods,145,assert flask.g.bar == 'the cake is a lie'
tests\test_appctx.py,,test_app_ctx_globals_methods,147,assert flask.g.pop('bar') == 'the cake is a lie'
tests\test_appctx.py,,test_app_ctx_globals_methods,150,"assert flask.g.pop('bar', 'more cake') == 'more cake'"
tests\test_appctx.py,,test_app_ctx_globals_methods,152,assert list(flask.g) == ['foo']
tests\test_appctx.py,,test_app_ctx_globals_methods,154,"assert repr(flask.g) == ""<flask.g of 'flask_test'>"""
tests\test_appctx.py,,test_app_tearing_down,54,assert cleanup_stuff == [None]
tests\test_appctx.py,,test_app_tearing_down_with_handled_exception_by_app_handler,110,assert cleanup_stuff == [None]
tests\test_appctx.py,,test_app_tearing_down_with_handled_exception_by_except_block,88,assert cleanup_stuff == [None]
tests\test_appctx.py,,test_app_tearing_down_with_previous_exception,72,assert cleanup_stuff == [None]
tests\test_appctx.py,,test_app_tearing_down_with_unhandled_exception,129,assert len(cleanup_stuff) == 1
tests\test_appctx.py,,test_app_tearing_down_with_unhandled_exception,130,"assert isinstance(cleanup_stuff[0], ValueError)"
tests\test_appctx.py,,test_app_tearing_down_with_unhandled_exception,131,assert str(cleanup_stuff[0]) == 'dummy'
tests\test_appctx.py,,test_basic_url_generation,18,assert rv == 'https://localhost/'
tests\test_appctx.py,,test_clean_pop,208,"assert called == ['flask_test', 'TEARDOWN']"
tests\test_appctx.py,,test_clean_pop,209,assert not flask.current_app
tests\test_appctx.py,,test_context_refcounts,184,assert flask.request.environ['werkzeug.request'] is not None
tests\test_appctx.py,,test_context_refcounts,188,assert res.status_code == 200
tests\test_appctx.py,,test_context_refcounts,189,assert res.data == b''
tests\test_appctx.py,,test_context_refcounts,190,"assert called == ['request', 'app']"
tests\test_appctx.py,,test_custom_app_ctx_globals_class,164,assert flask.render_template_string('{{ g.spam }}') == 'eggs'
tests\test_appctx.py,,test_request_context_means_app_context,34,assert flask.current_app._get_current_object() is app
tests\test_appctx.py,,test_request_context_means_app_context,35,assert not flask.current_app
tests\test_async.py,,test_async_before_after_request,141,assert app_before_called
tests\test_async.py,,test_async_before_after_request,142,assert app_after_called
tests\test_async.py,,test_async_before_after_request,144,assert bp_before_called
tests\test_async.py,,test_async_before_after_request,145,assert bp_after_called
tests\test_async.py,,test_async_error_handler,94,assert response.status_code == 412
tests\test_async.py,,test_async_route,85,assert b'GET' in response.get_data()
tests\test_async.py,,test_async_route,87,assert b'POST' in response.get_data()
tests\test_basic.py,,expect,559,assert len(rv.headers.get_all('Vary')) == 1
tests\test_basic.py,,expect,560,assert rv.headers['Vary'] == header_value
tests\test_basic.py,,expect,562,assert 'Vary' not in rv.headers
tests\test_basic.py,,expect_exception,366,assert e.value.args and 'session is unavailable' in e.value.args[0]
tests\test_basic.py,,get,246,assert not flask.session.accessed
tests\test_basic.py,,get,247,assert not flask.session.modified
tests\test_basic.py,,get,249,assert flask.session.accessed
tests\test_basic.py,,get,250,assert not flask.session.modified
tests\test_basic.py,,handle_403,971,"assert not isinstance(e, ForbiddenSubclass)"
tests\test_basic.py,,handle_403,972,"assert isinstance(e, Forbidden)"
tests\test_basic.py,,handle_forbidden_subclass,966,"assert isinstance(e, ForbiddenSubclass)"
tests\test_basic.py,,handle_my_exception,950,"assert isinstance(e, MyException)"
tests\test_basic.py,,handler,1384,"assert values == {'_external': False, '_anchor': None, '_method': None, '_scheme': None}"
tests\test_basic.py,,index,696,assert 'before' in evts
tests\test_basic.py,,index,697,assert 'after' not in evts
tests\test_basic.py,,run_simple_mock,1886,assert hostname == expect_host
tests\test_basic.py,,run_simple_mock,1887,assert port == expect_port
tests\test_basic.py,,run_test,487,assert c.get('/bump').data == b'1'
tests\test_basic.py,,run_test,488,assert c.get('/bump').data == b'2'
tests\test_basic.py,,run_test,489,assert c.get('/bump').data == b'3'
tests\test_basic.py,,run_test,493,assert (set_cookie is not None) == expect_header
tests\test_basic.py,,run_test,494,assert rv.data == b'3'
tests\test_basic.py,,set,237,assert not flask.session.accessed
tests\test_basic.py,,set,238,assert not flask.session.modified
tests\test_basic.py,,set,240,assert flask.session.accessed
tests\test_basic.py,,set,241,assert flask.session.modified
tests\test_basic.py,,teardown_request1,790,assert type(exc) is ZeroDivisionError
tests\test_basic.py,,teardown_request2,802,assert type(exc) is ZeroDivisionError
tests\test_basic.py,,test,617,"assert list(messages) == ['Hello World', 'Hello World', Markup('<em>Testing</em>')]"
tests\test_basic.py,,test_after_request_processing,744,assert resp.status_code == 200
tests\test_basic.py,,test_after_request_processing,745,assert resp.headers['X-Foo'] == 'a header'
tests\test_basic.py,,test_app_freed_on_zero_refcount,1931,assert app.view_functions['static']
tests\test_basic.py,,test_app_freed_on_zero_refcount,1933,assert weak() is not None
tests\test_basic.py,,test_app_freed_on_zero_refcount,1935,assert weak() is None
tests\test_basic.py,,test_before_after_request_order,856,assert rv.data == b'42'
tests\test_basic.py,,test_before_after_request_order,857,"assert called == [1, 2, 3, 4, 5, 6]"
tests\test_basic.py,,test_before_request_and_routing_errors,940,assert rv.status_code == 404
tests\test_basic.py,,test_before_request_and_routing_errors,941,assert rv.data == b'value'
tests\test_basic.py,,test_build_error_handler,1367,assert flask.url_for('spam') == '/test_handler/'
tests\test_basic.py,,test_enctype_debug_helper,1111,assert 'no file contents were transmitted' in str(e.value)
tests\test_basic.py,,test_enctype_debug_helper,1112,"assert ""This was submitted: 'index.txt'"" in str(e.value)"
tests\test_basic.py,,test_endpoint_decorator,230,assert client.get('/foo/').data == b'index'
tests\test_basic.py,,test_endpoint_decorator,231,assert client.get('/foo/bar').data == b'bar'
tests\test_basic.py,,test_error_handler_after_processor_error,1096,assert rv.status_code == 500
tests\test_basic.py,,test_error_handler_after_processor_error,1097,assert rv.data == b'Hello Server Error'
tests\test_basic.py,,test_error_handling,888,assert rv.status_code == 404
tests\test_basic.py,,test_error_handling,889,assert rv.data == b'not found'
tests\test_basic.py,,test_error_handling,891,assert rv.status_code == 500
tests\test_basic.py,,test_error_handling,892,assert b'internal server error' == rv.data
tests\test_basic.py,,test_error_handling,894,assert rv.status_code == 403
tests\test_basic.py,,test_error_handling,895,assert b'forbidden' == rv.data
tests\test_basic.py,,test_error_handling_processing,915,assert resp.mimetype == 'text/x-special'
tests\test_basic.py,,test_error_handling_processing,916,assert resp.data == b'internal server error'
tests\test_basic.py,,test_errorhandler_precedence,1019,assert rv.data == b'Exception'
tests\test_basic.py,,test_errorhandler_precedence,1022,assert rv.data == b'E2'
tests\test_basic.py,,test_exception_propagation,1588,assert client.get('/').status_code == 500
tests\test_basic.py,,test_extended_flashing,617,"assert list(messages) == ['Hello World', 'Hello World', Markup('<em>Testing</em>')]"
tests\test_basic.py,,test_extended_flashing,627,assert len(messages) == 3
tests\test_basic.py,,test_extended_flashing,628,"assert list(messages) == [('message', 'Hello World'), ('error', 'Hello World'), ('warning', Markup('<em>Testing</em>'))]"
tests\test_basic.py,,test_extended_flashing,640,"assert list(messages) == [('message', 'Hello World')]"
tests\test_basic.py,,test_extended_flashing,648,"assert list(messages) == [('message', 'Hello World'), ('warning', Markup('<em>Testing</em>'))]"
tests\test_basic.py,,test_extended_flashing,657,assert len(messages) == 2
tests\test_basic.py,,test_extended_flashing,658,assert messages[0] == 'Hello World'
tests\test_basic.py,,test_extended_flashing,659,assert messages[1] == Markup('<em>Testing</em>')
tests\test_basic.py,,test_filter,640,"assert list(messages) == [('message', 'Hello World')]"
tests\test_basic.py,,test_filters,648,"assert list(messages) == [('message', 'Hello World'), ('warning', Markup('<em>Testing</em>'))]"
tests\test_basic.py,,test_filters2,657,assert len(messages) == 2
tests\test_basic.py,,test_filters2,658,assert messages[0] == 'Hello World'
tests\test_basic.py,,test_filters2,659,assert messages[1] == Markup('<em>Testing</em>')
tests\test_basic.py,,test_flashes,592,assert not flask.session.modified
tests\test_basic.py,,test_flashes,596,assert flask.session.modified
tests\test_basic.py,,test_flashes,597,"assert list(flask.get_flashed_messages()) == ['Zap', 'Zip']"
tests\test_basic.py,,test_g_iteration_protocol,1742,assert 'foo' in flask.g
tests\test_basic.py,,test_g_iteration_protocol,1743,assert 'foos' not in flask.g
tests\test_basic.py,,test_g_iteration_protocol,1744,"assert sorted(flask.g) == ['bar', 'foo']"
tests\test_basic.py,,test_get_method_on_g,1732,assert flask.g.get('x') is None
tests\test_basic.py,,test_get_method_on_g,1733,"assert flask.g.get('x', 11) == 11"
tests\test_basic.py,,test_get_method_on_g,1735,assert flask.g.get('x') == 42
tests\test_basic.py,,test_get_method_on_g,1736,assert flask.g.x == 42
tests\test_basic.py,,test_http_error_subclass_handling,966,"assert isinstance(e, ForbiddenSubclass)"
tests\test_basic.py,,test_http_error_subclass_handling,971,"assert not isinstance(e, ForbiddenSubclass)"
tests\test_basic.py,,test_http_error_subclass_handling,972,"assert isinstance(e, Forbidden)"
tests\test_basic.py,,test_http_error_subclass_handling,987,assert client.get('/1').data == b'banana'
tests\test_basic.py,,test_http_error_subclass_handling,988,assert client.get('/2').data == b'apple'
tests\test_basic.py,,test_http_error_subclass_handling,989,assert client.get('/3').data == b'apple'
tests\test_basic.py,,test_inject_blueprint_url_defaults,1654,assert values == expected
tests\test_basic.py,,test_inject_blueprint_url_defaults,1659,assert url == expected
tests\test_basic.py,,test_json_dump_dataclass,1323,assert value == {'name': 'Flask'}
tests\test_basic.py,,test_jsonify_args_and_kwargs_check,1329,assert 'args or kwargs' in str(e.value)
tests\test_basic.py,,test_jsonify_mimetype,1314,assert rv.mimetype == 'application/vnd.api+json'
tests\test_basic.py,,test_jsonify_no_prettyprint,1306,assert (b' ' not in data) is compact
tests\test_basic.py,,test_jsonify_no_prettyprint,1307,assert (b'\n' not in data) is compact
tests\test_basic.py,,test_make_response,1260,assert rv.status_code == 200
tests\test_basic.py,,test_make_response,1261,assert rv.data == b''
tests\test_basic.py,,test_make_response,1262,assert rv.mimetype == 'text/html'
tests\test_basic.py,,test_make_response,1265,assert rv.status_code == 200
tests\test_basic.py,,test_make_response,1266,assert rv.data == b'Awesome'
tests\test_basic.py,,test_make_response,1267,assert rv.mimetype == 'text/html'
tests\test_basic.py,,test_make_response,1270,assert rv.status_code == 404
tests\test_basic.py,,test_make_response,1271,assert rv.data == b'W00t'
tests\test_basic.py,,test_make_response,1272,assert rv.mimetype == 'text/html'
tests\test_basic.py,,test_make_response,1275,assert rv.status_code == 200
tests\test_basic.py,,test_make_response,1276,assert rv.data == b'Hello'
tests\test_basic.py,,test_make_response,1277,assert rv.mimetype == 'text/html'
tests\test_basic.py,,test_make_response_with_response_instance,1282,assert rv.status_code == 400
tests\test_basic.py,,test_make_response_with_response_instance,1283,"assert rv.data == b'{""msg"":""W00t""}\n'"
tests\test_basic.py,,test_make_response_with_response_instance,1284,assert rv.mimetype == 'application/json'
tests\test_basic.py,,test_make_response_with_response_instance,1287,assert rv.status_code == 400
tests\test_basic.py,,test_make_response_with_response_instance,1288,assert rv.data == b''
tests\test_basic.py,,test_make_response_with_response_instance,1289,assert rv.mimetype == 'text/html'
tests\test_basic.py,,test_make_response_with_response_instance,1296,assert rv.status_code == 400
tests\test_basic.py,,test_make_response_with_response_instance,1297,assert rv.headers['Content-Type'] == 'text/html'
tests\test_basic.py,,test_make_response_with_response_instance,1298,assert rv.headers['X-Foo'] == 'bar'
tests\test_basic.py,,test_max_cookie_size,1901,assert response.max_cookie_size == default
tests\test_basic.py,,test_max_cookie_size,1905,assert flask.Response().max_cookie_size == 100
tests\test_basic.py,,test_max_cookie_size,1914,assert len(recwarn) == 1
tests\test_basic.py,,test_max_cookie_size,1916,assert 'cookie is too large' in str(w.message)
tests\test_basic.py,,test_max_cookie_size,1921,assert len(recwarn) == 0
tests\test_basic.py,,test_method_route,62,assert client_method('/').data == b'Hello'
tests\test_basic.py,,test_missing_session,366,assert e.value.args and 'session is unavailable' in e.value.args[0]
tests\test_basic.py,,test_missing_session,369,assert flask.session.get('missing_key') is None
tests\test_basic.py,,test_multi_route_class_views,1840,assert rv.data == b'a'
tests\test_basic.py,,test_multi_route_class_views,1842,assert rv.data == b'b'
tests\test_basic.py,,test_multi_route_rules,1824,assert rv.data == b'a'
tests\test_basic.py,,test_multi_route_rules,1826,assert rv.data == b'b'
tests\test_basic.py,,test_no_setup_after_first_request,1678,assert client.get('/').data == b'Awesome'
tests\test_basic.py,,test_no_setup_after_first_request,1683,"assert ""setup method 'add_url_rule'"" in str(exc_info.value)"
tests\test_basic.py,,test_nonascii_pathinfo,1668,assert rv.data == b'Hello World!'
tests\test_basic.py,,test_options_on_multiple_rules,50,"assert sorted(rv.allow) == ['GET', 'HEAD', 'OPTIONS', 'POST', 'PUT']"
tests\test_basic.py,,test_options_work,36,"assert sorted(rv.allow) == ['GET', 'HEAD', 'OPTIONS', 'POST']"
tests\test_basic.py,,test_options_work,37,assert rv.data == b''
tests\test_basic.py,,test_provide_automatic_options_attr,79,assert rv.status_code == 405
tests\test_basic.py,,test_provide_automatic_options_attr,89,assert sorted(rv.allow) == ['OPTIONS']
tests\test_basic.py,,test_provide_automatic_options_kwarg,106,assert client.get('/').data == b'GET'
tests\test_basic.py,,test_provide_automatic_options_kwarg,109,assert rv.status_code == 405
tests\test_basic.py,,test_provide_automatic_options_kwarg,110,"assert sorted(rv.allow) == ['GET', 'HEAD']"
tests\test_basic.py,,test_provide_automatic_options_kwarg,113,assert rv.status_code == 405
tests\test_basic.py,,test_provide_automatic_options_kwarg,116,assert rv.status_code == 200
tests\test_basic.py,,test_provide_automatic_options_kwarg,117,assert not rv.data
tests\test_basic.py,,test_provide_automatic_options_kwarg,118,assert client.post('/more').data == b'POST'
tests\test_basic.py,,test_provide_automatic_options_kwarg,119,assert client.get('/more').data == b'GET'
tests\test_basic.py,,test_provide_automatic_options_kwarg,122,assert rv.status_code == 405
tests\test_basic.py,,test_provide_automatic_options_kwarg,123,"assert sorted(rv.allow) == ['GET', 'HEAD', 'POST']"
tests\test_basic.py,,test_provide_automatic_options_kwarg,126,assert rv.status_code == 405
tests\test_basic.py,,test_request_dispatching,138,assert client.get('/').data == b'GET'
tests\test_basic.py,,test_request_dispatching,140,assert rv.status_code == 405
tests\test_basic.py,,test_request_dispatching,141,"assert sorted(rv.allow) == ['GET', 'HEAD', 'OPTIONS']"
tests\test_basic.py,,test_request_dispatching,143,assert rv.status_code == 200
tests\test_basic.py,,test_request_dispatching,144,assert not rv.data
tests\test_basic.py,,test_request_dispatching,145,assert client.post('/more').data == b'POST'
tests\test_basic.py,,test_request_dispatching,146,assert client.get('/more').data == b'GET'
tests\test_basic.py,,test_request_dispatching,148,assert rv.status_code == 405
tests\test_basic.py,,test_request_dispatching,149,"assert sorted(rv.allow) == ['GET', 'HEAD', 'OPTIONS', 'POST']"
tests\test_basic.py,,test_request_locals,1483,assert repr(flask.g) == '<LocalProxy unbound>'
tests\test_basic.py,,test_request_locals,1484,assert not flask.g
tests\test_basic.py,,test_request_preprocessing_early_return,729,assert rv == b'hello'
tests\test_basic.py,,test_request_preprocessing_early_return,730,"assert evts == [1, 2]"
tests\test_basic.py,,test_request_processing,696,assert 'before' in evts
tests\test_basic.py,,test_request_processing,697,assert 'after' not in evts
tests\test_basic.py,,test_request_processing,700,assert 'after' not in evts
tests\test_basic.py,,test_request_processing,702,assert 'after' in evts
tests\test_basic.py,,test_request_processing,703,assert rv == b'request|after'
tests\test_basic.py,,test_response_type_errors,1238,assert 'returned None' in str(e.value)
tests\test_basic.py,,test_response_type_errors,1239,assert 'from_none' in str(e.value)
tests\test_basic.py,,test_response_type_errors,1244,assert 'tuple must have the form' in str(e.value)
tests\test_basic.py,,test_response_type_errors,1252,assert 'it was a bool' in str(e.value)
tests\test_basic.py,,test_response_types,1165,assert client.get('/text').data == 'Hällo Wörld'.encode()
tests\test_basic.py,,test_response_types,1166,assert client.get('/bytes').data == 'Hällo Wörld'.encode()
tests\test_basic.py,,test_response_types,1169,assert rv.data == b'Meh'
tests\test_basic.py,,test_response_types,1170,assert rv.headers['X-Foo'] == 'Testing'
tests\test_basic.py,,test_response_types,1171,assert rv.status_code == 400
tests\test_basic.py,,test_response_types,1172,assert rv.mimetype == 'text/plain'
tests\test_basic.py,,test_response_types,1175,assert rv.data == b'Hello'
tests\test_basic.py,,test_response_types,1176,assert rv.headers['X-Foo'] == 'Test'
tests\test_basic.py,,test_response_types,1177,assert rv.status_code == 200
tests\test_basic.py,,test_response_types,1178,assert rv.mimetype == 'text/plain'
tests\test_basic.py,,test_response_types,1181,"assert rv.data == b'Hi, status!'"
tests\test_basic.py,,test_response_types,1182,assert rv.status_code == 400
tests\test_basic.py,,test_response_types,1183,assert rv.mimetype == 'text/html'
tests\test_basic.py,,test_response_types,1186,assert rv.data == b'Hello world'
tests\test_basic.py,,test_response_types,1187,assert rv.content_type == 'text/plain'
tests\test_basic.py,,test_response_types,1188,assert rv.headers.getlist('X-Foo') == ['Bar']
tests\test_basic.py,,test_response_types,1189,assert rv.headers['X-Bar'] == 'Foo'
tests\test_basic.py,,test_response_types,1190,assert rv.status_code == 404
tests\test_basic.py,,test_response_types,1193,assert rv.data == b'Hello world'
tests\test_basic.py,,test_response_types,1194,assert rv.status_code == 500
tests\test_basic.py,,test_response_types,1197,assert b'Not Found' in rv.data
tests\test_basic.py,,test_response_types,1198,assert rv.status_code == 404
tests\test_basic.py,,test_response_types,1201,assert rv.json == {'foo': 'bar'}
tests\test_basic.py,,test_response_types,1202,assert rv.status_code == 201
tests\test_basic.py,,test_response_types,1205,"assert rv.json == ['foo', 'bar']"
tests\test_basic.py,,test_response_types,1206,assert rv.status_code == 201
tests\test_basic.py,,test_route_decorator_custom_endpoint,1722,assert flask.url_for('foo') == '/foo/'
tests\test_basic.py,,test_route_decorator_custom_endpoint,1723,assert flask.url_for('bar') == '/bar/'
tests\test_basic.py,,test_route_decorator_custom_endpoint,1724,assert flask.url_for('123') == '/bar/123'
tests\test_basic.py,,test_route_decorator_custom_endpoint,1726,assert client.get('/foo/').data == b'foo'
tests\test_basic.py,,test_route_decorator_custom_endpoint,1727,assert client.get('/bar/').data == b'bar'
tests\test_basic.py,,test_route_decorator_custom_endpoint,1728,assert client.get('/bar/123').data == b'123'
tests\test_basic.py,,test_routing_redirect_debugging,1695,assert rv.data == b'success'
tests\test_basic.py,,test_routing_redirect_debugging,1703,"assert ""canonical URL 'http://localhost/user/'"" in str(exc_info.value)"
tests\test_basic.py,,test_run_defaults,1854,assert rv['result'] == 'running...'
tests\test_basic.py,,test_run_from_config,1886,assert hostname == expect_host
tests\test_basic.py,,test_run_from_config,1887,assert port == expect_port
tests\test_basic.py,,test_run_server_port,1867,assert rv['result'] == f'running on {hostname}:{port} ...'
tests\test_basic.py,,test_server_name_matching,1518,assert r.text == expect_base
tests\test_basic.py,,test_server_name_matching,1521,assert r.text == expect_abc
tests\test_basic.py,,test_server_name_matching,1526,assert r.text == expect_xyz
tests\test_basic.py,,test_server_name_subdomain,1543,assert rv.data == b'default'
tests\test_basic.py,,test_server_name_subdomain,1546,assert rv.data == b'default'
tests\test_basic.py,,test_server_name_subdomain,1549,assert rv.data == b'default'
tests\test_basic.py,,test_server_name_subdomain,1556,assert rv.data == b'default'
tests\test_basic.py,,test_server_name_subdomain,1560,assert rv.data == b'default'
tests\test_basic.py,,test_server_name_subdomain,1568,assert rv.status_code == 404
tests\test_basic.py,,test_server_name_subdomain,1571,assert rv.data == b'subdomain'
tests\test_basic.py,,test_session,237,assert not flask.session.accessed
tests\test_basic.py,,test_session,238,assert not flask.session.modified
tests\test_basic.py,,test_session,240,assert flask.session.accessed
tests\test_basic.py,,test_session,241,assert flask.session.modified
tests\test_basic.py,,test_session,246,assert not flask.session.accessed
tests\test_basic.py,,test_session,247,assert not flask.session.modified
tests\test_basic.py,,test_session,249,assert flask.session.accessed
tests\test_basic.py,,test_session,250,assert not flask.session.modified
tests\test_basic.py,,test_session,253,"assert client.post('/set', data={'value': '42'}).data == b'value set'"
tests\test_basic.py,,test_session,254,assert client.get('/get').data == b'42'
tests\test_basic.py,,test_session_cookie_setting,487,assert c.get('/bump').data == b'1'
tests\test_basic.py,,test_session_cookie_setting,488,assert c.get('/bump').data == b'2'
tests\test_basic.py,,test_session_cookie_setting,489,assert c.get('/bump').data == b'3'
tests\test_basic.py,,test_session_cookie_setting,493,assert (set_cookie is not None) == expect_header
tests\test_basic.py,,test_session_cookie_setting,494,assert rv.data == b'3'
tests\test_basic.py,,test_session_expiration,409,assert 'set-cookie' in rv.headers
tests\test_basic.py,,test_session_expiration,413,assert expires.year == expected.year
tests\test_basic.py,,test_session_expiration,414,assert expires.month == expected.month
tests\test_basic.py,,test_session_expiration,415,assert expires.day == expected.day
tests\test_basic.py,,test_session_expiration,418,assert rv.data == b'True'
tests\test_basic.py,,test_session_expiration,422,assert 'set-cookie' in rv.headers
tests\test_basic.py,,test_session_expiration,424,assert match is None
tests\test_basic.py,,test_session_path,266,assert 'path=/foo' in rv.headers['set-cookie'].lower()
tests\test_basic.py,,test_session_refresh_vary,586,assert rv.headers['Vary'] == 'Cookie'
tests\test_basic.py,,test_session_refresh_vary,588,assert rv.headers['Vary'] == 'Cookie'
tests\test_basic.py,,test_session_secret_key_fallbacks,386,assert client.get().json == {'a': 1}
tests\test_basic.py,,test_session_secret_key_fallbacks,389,assert client.get().json == {}
tests\test_basic.py,,test_session_secret_key_fallbacks,392,assert client.get().json == {'a': 1}
tests\test_basic.py,,test_session_special_types,460,"assert s['t'] == (1, 2, 3)"
tests\test_basic.py,,test_session_special_types,461,assert type(s['b']) is bytes
tests\test_basic.py,,test_session_special_types,462,assert s['b'] == b'\xff'
tests\test_basic.py,,test_session_special_types,463,assert type(s['m']) is Markup
tests\test_basic.py,,test_session_special_types,464,assert s['m'] == Markup('<html>')
tests\test_basic.py,,test_session_special_types,465,assert s['u'] == the_uuid
tests\test_basic.py,,test_session_special_types,466,assert s['d'] == now
tests\test_basic.py,,test_session_special_types,467,assert s['t_tag'] == {' t': 'not-a-tuple'}
tests\test_basic.py,,test_session_special_types,468,assert s['di_t_tag'] == {' t__': 'not-a-tuple'}
tests\test_basic.py,,test_session_special_types,469,assert s['di_tag'] == {' di': 'not-a-dict'}
tests\test_basic.py,,test_session_stored_last,437,assert client.get('/').data == b'None'
tests\test_basic.py,,test_session_stored_last,438,assert client.get('/').data == b'42'
tests\test_basic.py,,test_session_using_application_root,288,assert 'path=/bar' in rv.headers['set-cookie'].lower()
tests\test_basic.py,,test_session_using_samesite_attribute,348,assert 'samesite' not in cookie
tests\test_basic.py,,test_session_using_samesite_attribute,353,assert 'samesite=strict' in cookie
tests\test_basic.py,,test_session_using_samesite_attribute,358,assert 'samesite=lax' in cookie
tests\test_basic.py,,test_session_using_session_settings,316,assert 'domain=example.com' in cookie or 'domain=.example.com' in cookie
tests\test_basic.py,,test_session_using_session_settings,317,assert 'path=/' in cookie
tests\test_basic.py,,test_session_using_session_settings,318,assert 'secure' in cookie
tests\test_basic.py,,test_session_using_session_settings,319,assert 'httponly' not in cookie
tests\test_basic.py,,test_session_using_session_settings,320,assert 'samesite' in cookie
tests\test_basic.py,,test_session_using_session_settings,321,assert 'partitioned' in cookie
tests\test_basic.py,,test_session_using_session_settings,325,assert 'session=;' in cookie
tests\test_basic.py,,test_session_using_session_settings,327,assert 'domain=example.com' in cookie or 'domain=.example.com' in cookie
tests\test_basic.py,,test_session_using_session_settings,328,assert 'path=/' in cookie
tests\test_basic.py,,test_session_using_session_settings,329,assert 'secure' in cookie
tests\test_basic.py,,test_session_using_session_settings,330,assert 'samesite' in cookie
tests\test_basic.py,,test_session_using_session_settings,331,assert 'partitioned' in cookie
tests\test_basic.py,,test_session_vary_cookie,559,assert len(rv.headers.get_all('Vary')) == 1
tests\test_basic.py,,test_session_vary_cookie,560,assert rv.headers['Vary'] == header_value
tests\test_basic.py,,test_session_vary_cookie,562,assert 'Vary' not in rv.headers
tests\test_basic.py,,test_static_files,1398,assert rv.status_code == 200
tests\test_basic.py,,test_static_files,1399,assert rv.data.strip() == b'<h1>Hello World!</h1>'
tests\test_basic.py,,test_static_files,1401,"assert flask.url_for('static', filename='index.html') == '/static/index.html'"
tests\test_basic.py,,test_static_folder_with_ending_slash,1458,assert rv.data == b'catch/all'
tests\test_basic.py,,test_static_folder_with_pathlib_path,1446,assert rv.status_code == 200
tests\test_basic.py,,test_static_route_with_host_matching,1465,assert rv.status_code == 200
tests\test_basic.py,,test_static_route_with_host_matching,1469,assert rv == 'http://example.com/static/index.html'
tests\test_basic.py,,test_static_url_empty_path,1430,assert rv.status_code == 200
tests\test_basic.py,,test_static_url_empty_path_default,1437,assert rv.status_code == 200
tests\test_basic.py,,test_static_url_path,1409,assert rv.status_code == 200
tests\test_basic.py,,test_static_url_path,1413,"assert flask.url_for('static', filename='index.html') == '/foo/index.html'"
tests\test_basic.py,,test_static_url_path_with_ending_slash,1420,assert rv.status_code == 200
tests\test_basic.py,,test_static_url_path_with_ending_slash,1424,"assert flask.url_for('static', filename='index.html') == '/foo/index.html'"
tests\test_basic.py,,test_subdomain_basic_support,1761,assert rv.data == b'normal index'
tests\test_basic.py,,test_subdomain_basic_support,1764,assert rv.data == b'test index'
tests\test_basic.py,,test_subdomain_matching,1777,assert rv.data == b'index for mitsuhiko'
tests\test_basic.py,,test_subdomain_matching_other_name,1810,assert rv.status_code == 404 if matching else 204
tests\test_basic.py,,test_subdomain_matching_other_name,1814,assert rv.status_code == 404 if matching else 204
tests\test_basic.py,,test_subdomain_matching_with_ports,1790,assert rv.data == b'index for mitsuhiko'
tests\test_basic.py,,test_teardown_request_handler,761,assert rv.status_code == 200
tests\test_basic.py,,test_teardown_request_handler,762,assert b'Response' in rv.data
tests\test_basic.py,,test_teardown_request_handler,763,assert len(called) == 1
tests\test_basic.py,,test_teardown_request_handler_debug_mode,779,assert rv.status_code == 200
tests\test_basic.py,,test_teardown_request_handler_debug_mode,780,assert b'Response' in rv.data
tests\test_basic.py,,test_teardown_request_handler_debug_mode,781,assert len(called) == 1
tests\test_basic.py,,test_teardown_request_handler_error,790,assert type(exc) is ZeroDivisionError
tests\test_basic.py,,test_teardown_request_handler_error,802,assert type(exc) is ZeroDivisionError
tests\test_basic.py,,test_teardown_request_handler_error,817,assert rv.status_code == 500
tests\test_basic.py,,test_teardown_request_handler_error,818,assert b'Internal Server Error' in rv.data
tests\test_basic.py,,test_teardown_request_handler_error,819,assert len(called) == 2
tests\test_basic.py,,test_trap_bad_request_key_error,1043,assert rv.status_code == 400
tests\test_basic.py,,test_trap_bad_request_key_error,1044,assert b'missing_key' not in rv.data
tests\test_basic.py,,test_trap_bad_request_key_error,1049,assert exc_info.errisinstance(BadRequest)
tests\test_basic.py,,test_trap_bad_request_key_error,1050,assert 'missing_key' in exc_info.value.get_description()
tests\test_basic.py,,test_trap_bad_request_key_error,1054,assert rv.status_code == 400
tests\test_basic.py,,test_url_for_passes_special_values_to_build_error_handler,1384,"assert values == {'_external': False, '_anchor': None, '_method': None, '_scheme': None}"
tests\test_basic.py,,test_url_generation,1337,"assert flask.url_for('hello', name='test x') == '/hello/test%20x'"
tests\test_basic.py,,test_url_generation,1338,"assert flask.url_for('hello', name='test x', _external=True) == 'http://localhost/hello/test%20x'"
tests\test_basic.py,,test_url_mapping,176,assert client.get('/').data == b'GET'
tests\test_basic.py,,test_url_mapping,178,assert rv.status_code == 405
tests\test_basic.py,,test_url_mapping,179,"assert sorted(rv.allow) == ['GET', 'HEAD', 'OPTIONS']"
tests\test_basic.py,,test_url_mapping,181,assert rv.status_code == 200
tests\test_basic.py,,test_url_mapping,182,assert not rv.data
tests\test_basic.py,,test_url_mapping,183,assert client.post('/more').data == b'POST'
tests\test_basic.py,,test_url_mapping,184,assert client.get('/more').data == b'GET'
tests\test_basic.py,,test_url_mapping,186,assert rv.status_code == 405
tests\test_basic.py,,test_url_mapping,187,"assert sorted(rv.allow) == ['GET', 'HEAD', 'OPTIONS', 'POST']"
tests\test_basic.py,,test_url_mapping,189,assert rv.status_code == 200
tests\test_basic.py,,test_url_mapping,190,assert random_uuid4 in rv.data.decode('utf-8')
tests\test_basic.py,,test_url_processors,1633,assert client.get('/de/').data == b'/de/about'
tests\test_basic.py,,test_url_processors,1634,assert client.get('/de/about').data == b'/foo'
tests\test_basic.py,,test_url_processors,1635,assert client.get('/foo').data == b'/en/about'
tests\test_basic.py,,test_user_error_handling,950,"assert isinstance(e, MyException)"
tests\test_basic.py,,test_user_error_handling,957,assert client.get('/').data == b'42'
tests\test_basic.py,,test_werkzeug_routing,210,assert client.get('/foo/').data == b'index'
tests\test_basic.py,,test_werkzeug_routing,211,assert client.get('/foo/bar').data == b'bar'
tests\test_basic.py,,test_with_categories,627,assert len(messages) == 3
tests\test_basic.py,,test_with_categories,628,"assert list(messages) == [('message', 'Hello World'), ('error', 'Hello World'), ('warning', Markup('<em>Testing</em>'))]"
tests\test_blueprints.py,,app_teardown1,852,assert flask.g.seen.pop() == 'app_1'
tests\test_blueprints.py,,app_teardown2,860,assert flask.g.seen.pop() == 'app_2'
tests\test_blueprints.py,,child_teardown1,892,assert flask.g.seen.pop() == 'child_1'
tests\test_blueprints.py,,child_teardown2,900,assert flask.g.seen.pop() == 'child_2'
tests\test_blueprints.py,,my_decorator_exception_handler,57,"assert isinstance(e, MyDecoratorException)"
tests\test_blueprints.py,,my_function_exception_handler,61,"assert isinstance(e, MyFunctionException)"
tests\test_blueprints.py,,parent_teardown1,872,assert flask.g.seen.pop() == 'parent_1'
tests\test_blueprints.py,,parent_teardown2,880,assert flask.g.seen.pop() == 'parent_2'
tests\test_blueprints.py,,test_add_template_filter,383,assert 'my_reverse' in app.jinja_env.filters.keys()
tests\test_blueprints.py,,test_add_template_filter,384,assert app.jinja_env.filters['my_reverse'] == my_reverse
tests\test_blueprints.py,,test_add_template_filter,385,assert app.jinja_env.filters['my_reverse']('abcd') == 'dcba'
tests\test_blueprints.py,,test_add_template_filter_with_name,409,assert 'strrev' in app.jinja_env.filters.keys()
tests\test_blueprints.py,,test_add_template_filter_with_name,410,assert app.jinja_env.filters['strrev'] == my_reverse
tests\test_blueprints.py,,test_add_template_filter_with_name,411,assert app.jinja_env.filters['strrev']('abcd') == 'dcba'
tests\test_blueprints.py,,test_add_template_filter_with_name_and_template,495,assert rv.data == b'dcba'
tests\test_blueprints.py,,test_add_template_filter_with_template,461,assert rv.data == b'dcba'
tests\test_blueprints.py,,test_add_template_test,519,assert 'is_boolean' in app.jinja_env.tests.keys()
tests\test_blueprints.py,,test_add_template_test,520,assert app.jinja_env.tests['is_boolean'] == is_boolean
tests\test_blueprints.py,,test_add_template_test,521,assert app.jinja_env.tests['is_boolean'](False)
tests\test_blueprints.py,,test_add_template_test_with_name,545,assert 'boolean' in app.jinja_env.tests.keys()
tests\test_blueprints.py,,test_add_template_test_with_name,546,assert app.jinja_env.tests['boolean'] == is_boolean
tests\test_blueprints.py,,test_add_template_test_with_name,547,assert app.jinja_env.tests['boolean'](False)
tests\test_blueprints.py,,test_add_template_test_with_name_and_template,631,assert b'Success!' in rv.data
tests\test_blueprints.py,,test_add_template_test_with_template,597,assert b'Success!' in rv.data
tests\test_blueprints.py,,test_app_request_processing,753,assert evts == []
tests\test_blueprints.py,,test_app_request_processing,757,assert resp == b'request|after'
tests\test_blueprints.py,,test_app_request_processing,758,"assert evts == ['before', 'after', 'teardown']"
tests\test_blueprints.py,,test_app_request_processing,762,assert resp == b'request|after'
tests\test_blueprints.py,,test_app_request_processing,763,"assert evts == ['before', 'after', 'teardown'] * 2"
tests\test_blueprints.py,,test_app_url_processors,789,assert client.get('/de/').data == b'/de/about'
tests\test_blueprints.py,,test_app_url_processors,790,assert client.get('/de/about').data == b'/de/'
tests\test_blueprints.py,,test_blueprint_app_error_handling,100,assert client.get('/forbidden').data == b'you shall not pass'
tests\test_blueprints.py,,test_blueprint_app_error_handling,101,assert client.get('/nope').data == b'you shall not pass'
tests\test_blueprints.py,,test_blueprint_prefix_slash,128,assert client.get(url).status_code == 204
tests\test_blueprints.py,,test_blueprint_renaming,1041,assert client.get('/a/').data == b'bp.index'
tests\test_blueprints.py,,test_blueprint_renaming,1042,assert client.get('/b/').data == b'alt.index'
tests\test_blueprints.py,,test_blueprint_renaming,1043,assert client.get('/a/a/').data == b'bp.sub.index2'
tests\test_blueprints.py,,test_blueprint_renaming,1044,assert client.get('/b/a/').data == b'alt.sub.index2'
tests\test_blueprints.py,,test_blueprint_renaming,1045,assert client.get('/a/error').data == b'Error'
tests\test_blueprints.py,,test_blueprint_renaming,1046,assert client.get('/b/error').data == b'Error'
tests\test_blueprints.py,,test_blueprint_specific_error_handling,41,assert client.get('/frontend-no').data == b'frontend says no'
tests\test_blueprints.py,,test_blueprint_specific_error_handling,42,assert client.get('/backend-no').data == b'backend says no'
tests\test_blueprints.py,,test_blueprint_specific_error_handling,43,assert client.get('/what-is-a-sideend').data == b'application itself says no'
tests\test_blueprints.py,,test_blueprint_specific_user_error_handling,57,"assert isinstance(e, MyDecoratorException)"
tests\test_blueprints.py,,test_blueprint_specific_user_error_handling,61,"assert isinstance(e, MyFunctionException)"
tests\test_blueprints.py,,test_blueprint_specific_user_error_handling,76,assert client.get('/decorator').data == b'boom'
tests\test_blueprints.py,,test_blueprint_specific_user_error_handling,77,assert client.get('/function').data == b'bam'
tests\test_blueprints.py,,test_blueprint_url_defaults,145,assert client.get('/1/foo').data == b'23/42'
tests\test_blueprints.py,,test_blueprint_url_defaults,146,assert client.get('/2/foo').data == b'19/42'
tests\test_blueprints.py,,test_blueprint_url_defaults,147,assert client.get('/1/bar').data == b'23'
tests\test_blueprints.py,,test_blueprint_url_defaults,148,assert client.get('/2/bar').data == b'19'
tests\test_blueprints.py,,test_blueprint_url_processors,172,assert client.get('/de/').data == b'/de/about'
tests\test_blueprints.py,,test_blueprint_url_processors,173,assert client.get('/de/about').data == b'/de/'
tests\test_blueprints.py,,test_child_and_parent_subdomain,988,assert response.status_code == 200
tests\test_blueprints.py,,test_child_and_parent_subdomain,991,assert response.status_code == 404
tests\test_blueprints.py,,test_context_processing,668,assert b'43' in app_page_bytes
tests\test_blueprints.py,,test_context_processing,669,assert b'42' not in app_page_bytes
tests\test_blueprints.py,,test_context_processing,671,assert b'42' in answer_page_bytes
tests\test_blueprints.py,,test_context_processing,672,assert b'43' in answer_page_bytes
tests\test_blueprints.py,,test_default_static_max_age,241,assert cc.max_age == 100
tests\test_blueprints.py,,test_dotted_names_from_app,278,assert rv.data == b'/test/'
tests\test_blueprints.py,,test_empty_url_defaults,291,assert client.get('/').data == b'1'
tests\test_blueprints.py,,test_empty_url_defaults,292,assert client.get('/page/2').data == b'2'
tests\test_blueprints.py,,test_endpoint_decorator,358,assert client.get('/foo').data == b'bar'
tests\test_blueprints.py,,test_endpoint_decorator,359,assert client.get('/bp_prefix/bar').status_code == 404
tests\test_blueprints.py,,test_nested_blueprint,834,assert client.get('/parent/').data == b'Parent yes'
tests\test_blueprints.py,,test_nested_blueprint,835,assert client.get('/parent/child/').data == b'Child yes'
tests\test_blueprints.py,,test_nested_blueprint,836,assert client.get('/parent/child/grandchild/').data == b'Grandchild yes'
tests\test_blueprints.py,,test_nested_blueprint,837,assert client.get('/parent/no').data == b'Parent no'
tests\test_blueprints.py,,test_nested_blueprint,838,assert client.get('/parent/child/no').data == b'Parent no'
tests\test_blueprints.py,,test_nested_blueprint,839,assert client.get('/parent/child/grandchild/no').data == b'Grandchild no'
tests\test_blueprints.py,,test_nested_callback_order,852,assert flask.g.seen.pop() == 'app_1'
tests\test_blueprints.py,,test_nested_callback_order,860,assert flask.g.seen.pop() == 'app_2'
tests\test_blueprints.py,,test_nested_callback_order,872,assert flask.g.seen.pop() == 'parent_1'
tests\test_blueprints.py,,test_nested_callback_order,880,assert flask.g.seen.pop() == 'parent_2'
tests\test_blueprints.py,,test_nested_callback_order,892,assert flask.g.seen.pop() == 'child_1'
tests\test_blueprints.py,,test_nested_callback_order,900,assert flask.g.seen.pop() == 'child_2'
tests\test_blueprints.py,,test_nested_callback_order,916,"assert client.get('/a').data == b'app_1, app_2, parent_1, parent_2, child_1, child_2'"
tests\test_blueprints.py,,test_nested_callback_order,919,assert client.get('/b').data == b'child'
tests\test_blueprints.py,,test_nesting_subdomains,969,assert response.status_code == 200
tests\test_blueprints.py,,test_nesting_url_prefixes,950,assert response.status_code == 200
tests\test_blueprints.py,,test_request_processing,721,assert evts == []
tests\test_blueprints.py,,test_request_processing,723,assert rv.data == b'request|after'
tests\test_blueprints.py,,test_request_processing,724,"assert evts == ['before', 'after', 'teardown']"
tests\test_blueprints.py,,test_route_decorator_custom_endpoint,320,assert client.get('/').data == b'index'
tests\test_blueprints.py,,test_route_decorator_custom_endpoint,321,assert client.get('/py/foo').data == b'bp.foo'
tests\test_blueprints.py,,test_route_decorator_custom_endpoint,322,assert client.get('/py/bar').data == b'bp.bar'
tests\test_blueprints.py,,test_route_decorator_custom_endpoint,323,assert client.get('/py/bar/123').data == b'bp.123'
tests\test_blueprints.py,,test_route_decorator_custom_endpoint,324,assert client.get('/py/bar/foo').data == b'bp.bar_foo'
tests\test_blueprints.py,,test_template_filter,370,assert 'my_reverse' in app.jinja_env.filters.keys()
tests\test_blueprints.py,,test_template_filter,371,assert app.jinja_env.filters['my_reverse'] == my_reverse
tests\test_blueprints.py,,test_template_filter,372,assert app.jinja_env.filters['my_reverse']('abcd') == 'dcba'
tests\test_blueprints.py,,test_template_filter_after_route_with_template,444,assert rv.data == b'dcba'
tests\test_blueprints.py,,test_template_filter_with_name,396,assert 'strrev' in app.jinja_env.filters.keys()
tests\test_blueprints.py,,test_template_filter_with_name,397,assert app.jinja_env.filters['strrev'] == my_reverse
tests\test_blueprints.py,,test_template_filter_with_name,398,assert app.jinja_env.filters['strrev']('abcd') == 'dcba'
tests\test_blueprints.py,,test_template_filter_with_name_and_template,478,assert rv.data == b'dcba'
tests\test_blueprints.py,,test_template_filter_with_template,428,assert rv.data == b'dcba'
tests\test_blueprints.py,,test_template_global,683,assert 'get_answer' not in app.jinja_env.globals.keys()
tests\test_blueprints.py,,test_template_global,687,assert 'get_answer' in app.jinja_env.globals.keys()
tests\test_blueprints.py,,test_template_global,688,assert app.jinja_env.globals['get_answer'] is get_answer
tests\test_blueprints.py,,test_template_global,689,assert app.jinja_env.globals['get_answer']() == 42
tests\test_blueprints.py,,test_template_global,693,assert rv == '42'
tests\test_blueprints.py,,test_template_test,506,assert 'is_boolean' in app.jinja_env.tests.keys()
tests\test_blueprints.py,,test_template_test,507,assert app.jinja_env.tests['is_boolean'] == is_boolean
tests\test_blueprints.py,,test_template_test,508,assert app.jinja_env.tests['is_boolean'](False)
tests\test_blueprints.py,,test_template_test_after_route_with_template,580,assert b'Success!' in rv.data
tests\test_blueprints.py,,test_template_test_with_name,532,assert 'boolean' in app.jinja_env.tests.keys()
tests\test_blueprints.py,,test_template_test_with_name,533,assert app.jinja_env.tests['boolean'] == is_boolean
tests\test_blueprints.py,,test_template_test_with_name,534,assert app.jinja_env.tests['boolean'](False)
tests\test_blueprints.py,,test_template_test_with_name_and_template,614,assert b'Success!' in rv.data
tests\test_blueprints.py,,test_template_test_with_template,564,assert b'Success!' in rv.data
tests\test_blueprints.py,,test_templates_and_static,182,assert rv.data == b'Hello from the Frontend'
tests\test_blueprints.py,,test_templates_and_static,184,assert rv.data == b'Hello from the Admin'
tests\test_blueprints.py,,test_templates_and_static,186,assert rv.data == b'Hello from the Admin'
tests\test_blueprints.py,,test_templates_and_static,188,assert rv.data.strip() == b'Admin File'
tests\test_blueprints.py,,test_templates_and_static,191,assert rv.data.strip() == b'/* nested file */'
tests\test_blueprints.py,,test_templates_and_static,203,assert cc.max_age == expected_max_age
tests\test_blueprints.py,,test_templates_and_static,209,"assert flask.url_for('admin.static', filename='test.txt') == '/admin/static/test.txt'"
tests\test_blueprints.py,,test_templates_and_static,217,assert e.value.name == 'missing.html'
tests\test_blueprints.py,,test_templates_and_static,220,"assert flask.render_template('nested/nested.txt') == ""I'm nested"""
tests\test_blueprints.py,,test_templates_list,251,"assert templates == ['admin/index.html', 'frontend/index.html']"
tests\test_cli.py,,test_app_cli_has_app_context,304,"assert result.return_value == (True, True)"
tests\test_cli.py,,test_appgroup_app_context,340,assert result.exit_code == 0
tests\test_cli.py,,test_appgroup_app_context,341,assert result.output == 'testappgroup\n'
tests\test_cli.py,,test_appgroup_app_context,344,assert result.exit_code == 0
tests\test_cli.py,,test_appgroup_app_context,345,assert result.output == 'testappgroup\n'
tests\test_cli.py,,test_cli_blueprints,679,assert 'custom_result' in result.output
tests\test_cli.py,,test_cli_blueprints,682,assert 'nested_result' in result.output
tests\test_cli.py,,test_cli_blueprints,685,assert 'merged_result' in result.output
tests\test_cli.py,,test_cli_blueprints,688,assert 'late_result' in result.output
tests\test_cli.py,,test_cli_empty,697,"assert result.exit_code == 2, f'Unexpected success:\n\n{result.output}'"
tests\test_cli.py,,test_cli_name,45,assert testapp.cli.name == testapp.name
tests\test_cli.py,,test_disable_dotenv_from_env,581,assert 'FOO' not in os.environ
tests\test_cli.py,,test_dotenv_optional,573,assert 'FOO' not in os.environ
tests\test_cli.py,,test_dotenv_path,565,assert Path.cwd() == cwd
tests\test_cli.py,,test_dotenv_path,566,assert 'FOO' in os.environ
tests\test_cli.py,,test_find_best_app,52,assert find_best_app(Module) == Module.app
tests\test_cli.py,,test_find_best_app,57,assert find_best_app(Module) == Module.application
tests\test_cli.py,,test_find_best_app,62,assert find_best_app(Module) == Module.myapp
tests\test_cli.py,,test_find_best_app,70,"assert isinstance(app, Flask)"
tests\test_cli.py,,test_find_best_app,71,assert app.name == 'appname'
tests\test_cli.py,,test_find_best_app,79,"assert isinstance(app, Flask)"
tests\test_cli.py,,test_find_best_app,80,assert app.name == 'appname'
tests\test_cli.py,,test_find_best_app,88,"assert isinstance(app, Flask)"
tests\test_cli.py,,test_find_best_app,89,assert app.name == 'appname'
tests\test_cli.py,,test_find_best_app,98,assert find_best_app(Module) == Module.myapp
tests\test_cli.py,,test_find_best_app,107,assert find_best_app(Module) == Module.myapp
tests\test_cli.py,,test_flaskgroup_app_context,361,assert result.exit_code == 0
tests\test_cli.py,,test_flaskgroup_app_context,362,assert result.output == 'flaskgroup\n'
tests\test_cli.py,,test_flaskgroup_debug,381,assert result.exit_code == 0
tests\test_cli.py,,test_flaskgroup_debug,382,assert result.output == f'{not set_debug_flag}\n'
tests\test_cli.py,,test_flaskgroup_nested,395,assert result.output == 'flask_test\n'
tests\test_cli.py,,test_get_version,242,assert f'Python {platform.python_version()}' in out
tests\test_cli.py,,test_get_version,243,assert f'Flask {importlib.metadata.version('flask')}' in out
tests\test_cli.py,,test_get_version,244,assert f'Werkzeug {importlib.metadata.version('werkzeug')}' in out
tests\test_cli.py,,test_help_echo_exception,441,assert result.exit_code == 0
tests\test_cli.py,,test_help_echo_exception,442,assert 'Exception: oh no' in result.stderr
tests\test_cli.py,,test_help_echo_exception,443,assert 'Usage:' in result.stdout
tests\test_cli.py,,test_help_echo_loading_error,423,assert result.exit_code == 0
tests\test_cli.py,,test_help_echo_loading_error,424,assert 'FLASK_APP' in result.stderr
tests\test_cli.py,,test_help_echo_loading_error,425,assert 'Usage:' in result.stdout
tests\test_cli.py,,test_load_dotenv,543,assert load_dotenv()
tests\test_cli.py,,test_load_dotenv,544,assert Path.cwd() == test_path
tests\test_cli.py,,test_load_dotenv,546,assert os.environ['FOO'] == 'env'
tests\test_cli.py,,test_load_dotenv,548,assert os.environ['BAR'] == 'bar'
tests\test_cli.py,,test_load_dotenv,550,assert os.environ['SPAM'] == '1'
tests\test_cli.py,,test_load_dotenv,552,assert os.environ['EGGS'] == '3'
tests\test_cli.py,,test_load_dotenv,554,assert os.environ['HAM'] == '火腿'
tests\test_cli.py,,test_load_dotenv,556,"assert not load_dotenv('non-existent-file', load_defaults=False)"
tests\test_cli.py,,test_locate_app,196,"assert locate_app(iname, aname).name == result"
tests\test_cli.py,,test_locate_app_suppress_raise,224,assert app is None
tests\test_cli.py,,test_no_command_echo_loading_error,408,assert result.exit_code == 2
tests\test_cli.py,,test_no_command_echo_loading_error,409,assert 'FLASK_APP' in result.stderr
tests\test_cli.py,,test_no_command_echo_loading_error,410,assert 'Usage:' in result.stderr
tests\test_cli.py,,test_prepare_import,176,assert prepare_import(value) == result
tests\test_cli.py,,test_prepare_import,177,assert sys.path[0] == str(path)
tests\test_cli.py,,test_run_cert_adhoc,612,assert ctx.params['cert'] == 'adhoc'
tests\test_cli.py,,test_run_cert_import,634,assert ctx.params['cert'] is ssl_context
tests\test_cli.py,,test_run_cert_path,595,"assert ctx.params['cert'] == (__file__, __file__)"
tests\test_cli.py,,test_run_cert_path,599,"assert ctx.params['cert'] == (__file__, __file__)"
tests\test_cli.py,,test_run_exclude_patterns,702,assert ctx.params['exclude_patterns'] == [__file__]
tests\test_cli.py,,test_scriptinfo,250,assert app.name == 'testapp'
tests\test_cli.py,,test_scriptinfo,251,assert obj.load_app() is app
tests\test_cli.py,,test_scriptinfo,258,assert app.name == 'testapp'
tests\test_cli.py,,test_scriptinfo,259,assert obj.load_app() is app
tests\test_cli.py,,test_scriptinfo,262,assert app.name == 'testapp'
tests\test_cli.py,,test_scriptinfo,263,assert obj.load_app() is app
tests\test_cli.py,,test_scriptinfo,270,assert app.name == 'createapp'
tests\test_cli.py,,test_scriptinfo,271,assert obj.load_app() is app
tests\test_cli.py,,test_scriptinfo,280,assert app.name == 'hello'
tests\test_cli.py,,test_scriptinfo,286,assert app.name == 'testapp'
tests\test_cli.py,,test_with_appcontext,316,assert result.exit_code == 0
tests\test_cli.py,,test_with_appcontext,317,assert result.output == 'testapp\n'
tests\test_cli.py,TestRoutes,expect_order,467,assert line[:len(expect)] == expect
tests\test_cli.py,TestRoutes,test_all_methods,491,"assert 'GET, HEAD, OPTIONS, POST' not in output"
tests\test_cli.py,TestRoutes,test_all_methods,493,"assert 'GET, HEAD, OPTIONS, POST' in output"
tests\test_cli.py,TestRoutes,test_host,517,assert result.exit_code == 0
tests\test_cli.py,TestRoutes,test_host,518,assert 'Host' in result.output
tests\test_cli.py,TestRoutes,test_no_routes,499,assert result.exit_code == 0
tests\test_cli.py,TestRoutes,test_no_routes,500,assert 'No routes were registered.' in result.output
tests\test_cli.py,TestRoutes,test_simple,471,assert result.exit_code == 0
tests\test_cli.py,TestRoutes,test_sort,477,assert default_output == endpoint_output
tests\test_cli.py,TestRoutes,test_subdomain,508,assert result.exit_code == 0
tests\test_cli.py,TestRoutes,test_subdomain,509,assert 'Subdomain' in result.output
tests\test_config.py,,common_object_test,14,assert app.secret_key == 'config'
tests\test_config.py,,common_object_test,15,assert app.config['TEST_KEY'] == 'foo'
tests\test_config.py,,common_object_test,16,assert 'TestConfig' not in app.config
tests\test_config.py,,test_config_from_envvar,151,"assert ""'FOO_SETTINGS' is not set"" in str(e.value)"
tests\test_config.py,,test_config_from_envvar,152,"assert not app.config.from_envvar('FOO_SETTINGS', silent=True)"
tests\test_config.py,,test_config_from_envvar,157,assert app.config.from_envvar('FOO_SETTINGS')
tests\test_config.py,,test_config_from_envvar_missing,167,assert msg.startswith('[Errno 2] Unable to load configuration file (No such file or directory):')
tests\test_config.py,,test_config_from_envvar_missing,170,"assert msg.endswith(""missing.cfg'"")"
tests\test_config.py,,test_config_from_envvar_missing,171,"assert not app.config.from_envvar('FOO_SETTINGS', silent=True)"
tests\test_config.py,,test_config_missing,179,assert msg.startswith('[Errno 2] Unable to load configuration file (No such file or directory):')
tests\test_config.py,,test_config_missing,182,"assert msg.endswith(""missing.cfg'"")"
tests\test_config.py,,test_config_missing,183,"assert not app.config.from_pyfile('missing.cfg', silent=True)"
tests\test_config.py,,test_config_missing_file,191,assert msg.startswith('[Errno 2] Unable to load configuration file (No such file or directory):')
tests\test_config.py,,test_config_missing_file,194,"assert msg.endswith(""missing.json'"")"
tests\test_config.py,,test_config_missing_file,195,"assert not app.config.from_file('missing.json', load=json.load, silent=True)"
tests\test_config.py,,test_custom_config_class,206,"assert isinstance(app.config, Config)"
tests\test_config.py,,test_from_prefixed_env,60,assert app.config['STRING'] == 'value'
tests\test_config.py,,test_from_prefixed_env,61,assert app.config['BOOL'] is True
tests\test_config.py,,test_from_prefixed_env,62,assert app.config['INT'] == 1
tests\test_config.py,,test_from_prefixed_env,63,assert app.config['FLOAT'] == 1.2
tests\test_config.py,,test_from_prefixed_env,64,"assert app.config['LIST'] == [1, 2]"
tests\test_config.py,,test_from_prefixed_env,65,assert app.config['DICT'] == {'k': 'v'}
tests\test_config.py,,test_from_prefixed_env,66,assert 'OTHER' not in app.config
tests\test_config.py,,test_from_prefixed_env_custom_prefix,76,assert app.config['A'] == 'b'
tests\test_config.py,,test_from_prefixed_env_nested,90,"assert app.config['EXIST'] == {'ok': 'other', 'flag': True, 'inner': {'ik': 2}, 'new': {'more': {'k': False}}}"
tests\test_config.py,,test_from_prefixed_env_nested,98,"assert app.config['EXIST'] == {'ok': 'value', 'OK': 'other', 'flag': True, 'inner': {'ik': 1}, 'INNER': {'IK': 2}, 'NEW': {'MORE': {'k': False}}}"
tests\test_config.py,,test_from_prefixed_env_nested,107,assert app.config['NEW'] == {'K': 'v'}
tests\test_config.py,,test_from_pyfile_weird_encoding,250,assert value == 'föö'
tests\test_config.py,,test_get_namespace,224,assert 2 == len(foo_options)
tests\test_config.py,,test_get_namespace,225,assert 'foo option 1' == foo_options['option_1']
tests\test_config.py,,test_get_namespace,226,assert 'foo option 2' == foo_options['option_2']
tests\test_config.py,,test_get_namespace,228,assert 2 == len(bar_options)
tests\test_config.py,,test_get_namespace,229,assert 'bar stuff 1' == bar_options['STUFF_1']
tests\test_config.py,,test_get_namespace,230,assert 'bar stuff 2' == bar_options['STUFF_2']
tests\test_config.py,,test_get_namespace,232,assert 2 == len(foo_options)
tests\test_config.py,,test_get_namespace,233,assert 'foo option 1' == foo_options['foo_option_1']
tests\test_config.py,,test_get_namespace,234,assert 'foo option 2' == foo_options['foo_option_2']
tests\test_config.py,,test_get_namespace,238,assert 2 == len(bar_options)
tests\test_config.py,,test_get_namespace,239,assert 'bar stuff 1' == bar_options['BAR_STUFF_1']
tests\test_config.py,,test_get_namespace,240,assert 'bar stuff 2' == bar_options['BAR_STUFF_2']
tests\test_config.py,,test_session_lifetime,214,assert app.permanent_session_lifetime.seconds == 42
tests\test_converters.py,,test_context_available,32,assert request is not None
tests\test_converters.py,,test_context_available,33,assert session is not None
tests\test_converters.py,,test_context_available,42,assert client.get('/admin').data == b'admin'
tests\test_converters.py,,test_custom_converters,23,"assert client.get('/1,2,3').data == b'1|2|3'"
tests\test_converters.py,,test_custom_converters,26,"assert url_for('index', args=[4, 5, 6]) == '/4,5,6'"
tests\test_converters.py,ContextConverter,to_python,32,assert request is not None
tests\test_converters.py,ContextConverter,to_python,33,assert session is not None
tests\test_helpers.py,,test_app_aborter_class,204,"assert isinstance(app.aborter, MyAborter)"
tests\test_helpers.py,,test_open_resource,343,assert '<h1>Hello World!</h1>' in str(f.read())
tests\test_helpers.py,,test_open_resource_with_encoding,360,assert f.read() == 'test'
tests\test_helpers.py,,test_redirect_no_app,174,assert response.location == 'https://localhost'
tests\test_helpers.py,,test_redirect_no_app,175,assert response.status_code == 307
tests\test_helpers.py,TestHelpers,test_get_debug_flag,323,assert get_debug_flag() == expect
tests\test_helpers.py,TestHelpers,test_make_response,329,assert rv.status_code == 200
tests\test_helpers.py,TestHelpers,test_make_response,330,assert rv.mimetype == 'text/html'
tests\test_helpers.py,TestHelpers,test_make_response,333,assert rv.status_code == 200
tests\test_helpers.py,TestHelpers,test_make_response,334,assert rv.data == b'Hello'
tests\test_helpers.py,TestHelpers,test_make_response,335,assert rv.mimetype == 'text/html'
tests\test_helpers.py,TestNoImports,test_name_with_import_error,233,AssertionError('Flask(import_name) is importing import_name.')
tests\test_helpers.py,TestSendfile,test_send_file,36,assert rv.direct_passthrough
tests\test_helpers.py,TestSendfile,test_send_file,37,assert rv.mimetype == 'text/html'
tests\test_helpers.py,TestSendfile,test_send_file,41,assert rv.data == f.read()
tests\test_helpers.py,TestSendfile,test_send_from_directory,98,assert rv.data.strip() == b'Hello Subdomain'
tests\test_helpers.py,TestSendfile,test_static_file,50,assert rv.cache_control.max_age is None
tests\test_helpers.py,TestSendfile,test_static_file,55,assert rv.cache_control.max_age is None
tests\test_helpers.py,TestSendfile,test_static_file,62,assert rv.cache_control.max_age == 3600
tests\test_helpers.py,TestSendfile,test_static_file,67,assert rv.cache_control.max_age == 3600
tests\test_helpers.py,TestSendfile,test_static_file,72,assert rv.cache_control.max_age == 3600
tests\test_helpers.py,TestSendfile,test_static_file,84,assert rv.cache_control.max_age == 10
tests\test_helpers.py,TestSendfile,test_static_file,89,assert rv.cache_control.max_age == 10
tests\test_helpers.py,TestStreaming,test_stream_keeps_session,307,assert rv.data == b'flask'
tests\test_helpers.py,TestStreaming,test_streaming_with_context,248,assert rv.data == b'Hello World!'
tests\test_helpers.py,TestStreaming,test_streaming_with_context_and_custom_close,292,assert rv.data == b'Hello World!'
tests\test_helpers.py,TestStreaming,test_streaming_with_context_and_custom_close,293,assert called == [42]
tests\test_helpers.py,TestStreaming,test_streaming_with_context_as_decorator,262,assert rv.data == b'Hello World!'
tests\test_helpers.py,TestUrlFor,test_url_for_with_alternating_schemes,136,"assert flask.url_for('index', _external=True) == 'http://localhost/'"
tests\test_helpers.py,TestUrlFor,test_url_for_with_alternating_schemes,137,"assert flask.url_for('index', _external=True, _scheme='https') == 'https://localhost/'"
tests\test_helpers.py,TestUrlFor,test_url_for_with_alternating_schemes,141,"assert flask.url_for('index', _external=True) == 'http://localhost/'"
tests\test_helpers.py,TestUrlFor,test_url_for_with_anchor,108,"assert flask.url_for('index', _anchor='x y') == '/#x%20y'"
tests\test_helpers.py,TestUrlFor,test_url_for_with_scheme,115,"assert flask.url_for('index', _external=True, _scheme='https') == 'https://localhost/'"
tests\test_helpers.py,TestUrlFor,test_url_for_with_scheme_not_external,125,assert url == 'https://localhost/'
tests\test_helpers.py,TestUrlFor,test_url_for_with_self,169,"assert flask.url_for('index', self='2') == '/2'"
tests\test_helpers.py,TestUrlFor,test_url_with_method,160,"assert flask.url_for('myview', _method='GET') == '/myview/'"
tests\test_helpers.py,TestUrlFor,test_url_with_method,161,"assert flask.url_for('myview', id=42, _method='GET') == '/myview/42'"
tests\test_helpers.py,TestUrlFor,test_url_with_method,162,"assert flask.url_for('myview', _method='POST') == '/myview/create'"
tests\test_instance_config.py,,test_explicit_instance_paths,13,assert app.instance_path == os.fspath(modules_tmp_path)
tests\test_instance_config.py,,test_installed_module_paths,75,assert app.instance_path == os.fspath(modules_tmp_path / 'var' / 'site_app-instance')
tests\test_instance_config.py,,test_installed_package_paths,94,assert app.instance_path == os.fspath(modules_tmp_path / 'var' / 'installed_package-instance')
tests\test_instance_config.py,,test_prefix_package_paths,109,assert site_package.app.instance_path == os.fspath(modules_tmp_path / 'var' / 'site_package-instance')
tests\test_instance_config.py,,test_uninstalled_module_paths,27,assert app.instance_path == os.fspath(modules_tmp_path / 'instance')
tests\test_instance_config.py,,test_uninstalled_namespace_paths,62,assert app.instance_path == os.fspath(project2 / 'instance')
tests\test_instance_config.py,,test_uninstalled_package_paths,43,assert app.instance_path == os.fspath(modules_tmp_path / 'instance')
tests\test_json.py,,test_bad_request_debug_message,25,assert rv.status_code == 400
tests\test_json.py,,test_bad_request_debug_message,27,assert contains == debug
tests\test_json.py,,test_html_method,346,"assert result == '""<p>test</p>""'"
tests\test_json.py,,test_json_as_unicode,54,assert rv == expected
tests\test_json.py,,test_json_attr,207,assert rv.data == b'3'
tests\test_json.py,,test_json_bad_requests,36,assert rv.status_code == 400
tests\test_json.py,,test_json_custom_mimetypes,45,assert rv.data == b'foo'
tests\test_json.py,,test_json_customization,257,"assert rv.data == b'""<42>""'"
tests\test_json.py,,test_json_decimal,193,"assert rv == '""0.003""'"
tests\test_json.py,,test_json_dump_to_file,64,assert rv == test_data
tests\test_json.py,,test_json_key_sorting,272,assert app.json.sort_keys
tests\test_json.py,,test_json_key_sorting,335,assert lines == sorted_by_int
tests\test_json.py,,test_json_key_sorting,337,assert lines == sorted_by_str
tests\test_json.py,,test_jsonify_arrays,129,assert rv.mimetype == 'application/json'
tests\test_json.py,,test_jsonify_arrays,130,assert flask.json.loads(rv.data) == a_list
tests\test_json.py,,test_jsonify_aware_datetimes,173,assert flask.json.dumps(dt) == expected
tests\test_json.py,,test_jsonify_basic_types,74,assert rv.mimetype == 'application/json'
tests\test_json.py,,test_jsonify_basic_types,75,assert flask.json.loads(rv.data) == test_value
tests\test_json.py,,test_jsonify_datetime,142,assert r.json['value'] == http_date(value)
tests\test_json.py,,test_jsonify_dicts,101,assert rv.mimetype == 'application/json'
tests\test_json.py,,test_jsonify_dicts,102,assert flask.json.loads(rv.data) == d
tests\test_json.py,,test_jsonify_uuid_types,186,assert rv_x == str(test_uuid)
tests\test_json.py,,test_jsonify_uuid_types,188,assert rv_uuid == test_uuid
tests\test_json.py,,test_tojson_filter,217,"assert rv == 'const data = {""name"": ""\\u003c/script\\u003e"", ""time"": ""Mon, 01 Feb 2021 07:15:00 GMT""};'"
tests\test_json_tag.py,,test_custom_tag,63,assert s.loads(s.dumps(Foo('bar'))).data == 'bar'
tests\test_json_tag.py,,test_dump_load_unchanged,29,assert s.loads(s.dumps(data)) == data
tests\test_json_tag.py,,test_duplicate_tag,39,"assert isinstance(s.tags[' d'], TagDict)"
tests\test_json_tag.py,,test_duplicate_tag,40,"assert isinstance(s.order[0], TagDict)"
tests\test_json_tag.py,,test_tag_order,83,"assert isinstance(s.order[-2], Tag1)"
tests\test_json_tag.py,,test_tag_order,86,"assert isinstance(s.order[-1], Tag2)"
tests\test_logging.py,,test_existing_handler,50,assert app.logger.level == logging.NOTSET
tests\test_logging.py,,test_existing_handler,51,assert not app.logger.handlers
tests\test_logging.py,,test_has_level_handler,72,assert not has_level_handler(logger)
tests\test_logging.py,,test_has_level_handler,76,assert has_level_handler(logger)
tests\test_logging.py,,test_has_level_handler,79,assert not has_level_handler(logger)
tests\test_logging.py,,test_has_level_handler,83,assert not has_level_handler(logger)
tests\test_logging.py,,test_log_view_exception,94,assert rv.status_code == 500
tests\test_logging.py,,test_log_view_exception,95,assert rv.data
tests\test_logging.py,,test_log_view_exception,97,assert 'Exception on / [GET]' in err
tests\test_logging.py,,test_log_view_exception,98,assert 'Exception: test' in err
tests\test_logging.py,,test_logger,37,assert app.logger.name == 'flask_test'
tests\test_logging.py,,test_logger,38,assert app.logger.level == logging.NOTSET
tests\test_logging.py,,test_logger,39,assert app.logger.handlers == [default_handler]
tests\test_logging.py,,test_logger_debug,44,assert app.logger.level == logging.DEBUG
tests\test_logging.py,,test_logger_debug,45,assert app.logger.handlers == [default_handler]
tests\test_logging.py,,test_wsgi_errors_stream,62,assert 'ERROR in test_logging: test' in stream.getvalue()
tests\test_logging.py,,test_wsgi_errors_stream,64,assert wsgi_errors_stream._get_current_object() is sys.stderr
tests\test_logging.py,,test_wsgi_errors_stream,67,assert wsgi_errors_stream._get_current_object() is stream
tests\test_regression.py,,test_aborting,26,assert location_parts[0] == 'http://localhost'
tests\test_regression.py,,test_aborting,28,assert location_parts[2] == 'test'
tests\test_regression.py,,test_aborting,30,assert rv.data == b'42'
tests\test_reqctx.py,,index,221,AssertionError()
tests\test_reqctx.py,,test_bad_environ_raises_bad_request,293,assert response.status_code == 400
tests\test_reqctx.py,,test_context_binding,117,assert index() == 'Hello World!'
tests\test_reqctx.py,,test_context_binding,119,assert meh() == 'http://localhost/meh'
tests\test_reqctx.py,,test_context_binding,120,assert not flask.request
tests\test_reqctx.py,,test_context_test,124,assert not flask.request
tests\test_reqctx.py,,test_context_test,125,assert not flask.has_request_context()
tests\test_reqctx.py,,test_context_test,129,assert flask.request
tests\test_reqctx.py,,test_context_test,130,assert flask.has_request_context()
tests\test_reqctx.py,,test_environ_for_valid_idna_completes,314,assert response.status_code == 200
tests\test_reqctx.py,,test_manual_context_binding,142,assert index() == 'Hello World!'
tests\test_reqctx.py,,test_normal_environ_completes,325,assert response.status_code == 200
tests\test_reqctx.py,,test_proper_test_request_context,75,"assert flask.url_for('index', _external=True) == 'http://localhost.localdomain:5000/'"
tests\test_reqctx.py,,test_proper_test_request_context,81,"assert flask.url_for('sub', _external=True) == 'http://foo.localhost.localdomain:5000/'"
tests\test_reqctx.py,,test_session_dynamic_cookie_name,268,"assert test_client.post('/set', data={'value': '42'}).data == b'value set'"
tests\test_reqctx.py,,test_session_dynamic_cookie_name,269,"assert test_client.post('/set_dynamic_cookie', data={'value': '616'}).data == b'value set'"
tests\test_reqctx.py,,test_session_dynamic_cookie_name,276,assert test_client.get('/get').data == b'42'
tests\test_reqctx.py,,test_session_dynamic_cookie_name,277,assert test_client.get('/get_dynamic_cookie').data == b'616'
tests\test_reqctx.py,,test_session_error_pops_context,221,AssertionError()
tests\test_reqctx.py,,test_session_error_pops_context,224,assert response.status_code == 500
tests\test_reqctx.py,,test_session_error_pops_context,225,assert not flask.request
tests\test_reqctx.py,,test_session_error_pops_context,226,assert not flask.current_app
tests\test_reqctx.py,,test_teardown_on_pop,25,assert buffer == []
tests\test_reqctx.py,,test_teardown_on_pop,27,assert buffer == [None]
tests\test_reqctx.py,,test_teardown_with_handled_exception,55,assert buffer == []
tests\test_reqctx.py,,test_teardown_with_handled_exception,60,assert buffer == [None]
tests\test_reqctx.py,,test_teardown_with_previous_exception,43,assert buffer == []
tests\test_reqctx.py,,test_teardown_with_previous_exception,44,assert buffer == [None]
tests\test_reqctx.py,TestGreenletContextCopying,g,159,assert not flask.request
tests\test_reqctx.py,TestGreenletContextCopying,g,160,assert not flask.current_app
tests\test_reqctx.py,TestGreenletContextCopying,g,162,assert flask.request
tests\test_reqctx.py,TestGreenletContextCopying,g,163,assert flask.current_app == app
tests\test_reqctx.py,TestGreenletContextCopying,g,164,assert flask.request.path == '/'
tests\test_reqctx.py,TestGreenletContextCopying,g,165,assert flask.request.args['foo'] == 'bar'
tests\test_reqctx.py,TestGreenletContextCopying,g,166,assert flask.session.get('fizz') == 'buzz'
tests\test_reqctx.py,TestGreenletContextCopying,g,167,assert not flask.request
tests\test_reqctx.py,TestGreenletContextCopying,g,188,assert flask.request
tests\test_reqctx.py,TestGreenletContextCopying,g,189,assert flask.current_app == app
tests\test_reqctx.py,TestGreenletContextCopying,g,190,assert flask.request.path == '/'
tests\test_reqctx.py,TestGreenletContextCopying,g,191,assert flask.request.args['foo'] == 'bar'
tests\test_reqctx.py,TestGreenletContextCopying,g,192,assert flask.session.get('fizz') == 'buzz'
tests\test_reqctx.py,TestGreenletContextCopying,index,159,assert not flask.request
tests\test_reqctx.py,TestGreenletContextCopying,index,160,assert not flask.current_app
tests\test_reqctx.py,TestGreenletContextCopying,index,162,assert flask.request
tests\test_reqctx.py,TestGreenletContextCopying,index,163,assert flask.current_app == app
tests\test_reqctx.py,TestGreenletContextCopying,index,164,assert flask.request.path == '/'
tests\test_reqctx.py,TestGreenletContextCopying,index,165,assert flask.request.args['foo'] == 'bar'
tests\test_reqctx.py,TestGreenletContextCopying,index,166,assert flask.session.get('fizz') == 'buzz'
tests\test_reqctx.py,TestGreenletContextCopying,index,167,assert not flask.request
tests\test_reqctx.py,TestGreenletContextCopying,index,188,assert flask.request
tests\test_reqctx.py,TestGreenletContextCopying,index,189,assert flask.current_app == app
tests\test_reqctx.py,TestGreenletContextCopying,index,190,assert flask.request.path == '/'
tests\test_reqctx.py,TestGreenletContextCopying,index,191,assert flask.request.args['foo'] == 'bar'
tests\test_reqctx.py,TestGreenletContextCopying,index,192,assert flask.session.get('fizz') == 'buzz'
tests\test_reqctx.py,TestGreenletContextCopying,test_greenlet_context_copying,159,assert not flask.request
tests\test_reqctx.py,TestGreenletContextCopying,test_greenlet_context_copying,160,assert not flask.current_app
tests\test_reqctx.py,TestGreenletContextCopying,test_greenlet_context_copying,162,assert flask.request
tests\test_reqctx.py,TestGreenletContextCopying,test_greenlet_context_copying,163,assert flask.current_app == app
tests\test_reqctx.py,TestGreenletContextCopying,test_greenlet_context_copying,164,assert flask.request.path == '/'
tests\test_reqctx.py,TestGreenletContextCopying,test_greenlet_context_copying,165,assert flask.request.args['foo'] == 'bar'
tests\test_reqctx.py,TestGreenletContextCopying,test_greenlet_context_copying,166,assert flask.session.get('fizz') == 'buzz'
tests\test_reqctx.py,TestGreenletContextCopying,test_greenlet_context_copying,167,assert not flask.request
tests\test_reqctx.py,TestGreenletContextCopying,test_greenlet_context_copying,174,assert rv.data == b'Hello World!'
tests\test_reqctx.py,TestGreenletContextCopying,test_greenlet_context_copying,177,assert result == 42
tests\test_reqctx.py,TestGreenletContextCopying,test_greenlet_context_copying_api,188,assert flask.request
tests\test_reqctx.py,TestGreenletContextCopying,test_greenlet_context_copying_api,189,assert flask.current_app == app
tests\test_reqctx.py,TestGreenletContextCopying,test_greenlet_context_copying_api,190,assert flask.request.path == '/'
tests\test_reqctx.py,TestGreenletContextCopying,test_greenlet_context_copying_api,191,assert flask.request.args['foo'] == 'bar'
tests\test_reqctx.py,TestGreenletContextCopying,test_greenlet_context_copying_api,192,assert flask.session.get('fizz') == 'buzz'
tests\test_reqctx.py,TestGreenletContextCopying,test_greenlet_context_copying_api,199,assert rv.data == b'Hello World!'
tests\test_reqctx.py,TestGreenletContextCopying,test_greenlet_context_copying_api,202,assert result == 42
tests\test_request.py,,index,15,AssertionError()
tests\test_request.py,,test_limit_config,32,assert r.max_content_length is None
tests\test_request.py,,test_limit_config,33,assert r.max_form_memory_size == 500000
tests\test_request.py,,test_limit_config,34,assert r.max_form_parts == 1000
tests\test_request.py,,test_limit_config,38,assert r.max_content_length == 100
tests\test_request.py,,test_limit_config,39,assert r.max_form_memory_size == 50
tests\test_request.py,,test_limit_config,40,assert r.max_form_parts == 3
tests\test_request.py,,test_limit_config,47,assert r.max_content_length == 90
tests\test_request.py,,test_limit_config,48,assert r.max_form_memory_size == 30
tests\test_request.py,,test_limit_config,49,assert r.max_form_parts == 4
tests\test_request.py,,test_limit_config,52,assert r.max_content_length == 90
tests\test_request.py,,test_limit_config,53,assert r.max_form_memory_size == 30
tests\test_request.py,,test_limit_config,54,assert r.max_form_parts == 4
tests\test_request.py,,test_max_content_length,15,AssertionError()
tests\test_request.py,,test_max_content_length,22,assert rv.data == b'42'
tests\test_request.py,,test_trusted_hosts_config,66,assert r.status_code == 200
tests\test_request.py,,test_trusted_hosts_config,68,assert r.status_code == 200
tests\test_request.py,,test_trusted_hosts_config,70,assert r.status_code == 400
tests\test_session_interface.py,,test_open_session_with_endpoint,18,assert request.endpoint is not None
tests\test_session_interface.py,,test_open_session_with_endpoint,28,assert response.status_code == 200
tests\test_session_interface.py,MySessionInterface,open_session,18,assert request.endpoint is not None
tests\test_signals.py,,after_request_signal,58,assert response.data == b'stuff'
tests\test_signals.py,,test_appcontext_signals,132,assert rv.data == b'Hello'
tests\test_signals.py,,test_appcontext_signals,133,"assert recorded == ['push', 'pop']"
tests\test_signals.py,,test_appcontext_tearing_down_signal,177,assert rv.status_code == 500
tests\test_signals.py,,test_appcontext_tearing_down_signal,178,assert len(recorded) == 1
tests\test_signals.py,,test_appcontext_tearing_down_signal,179,"assert isinstance(recorded[0], ZeroDivisionError)"
tests\test_signals.py,,test_before_render_template,41,assert len(recorded) == 1
tests\test_signals.py,,test_before_render_template,43,assert template.name == 'simple_template.html'
tests\test_signals.py,,test_before_render_template,44,assert context['whiskey'] == 43
tests\test_signals.py,,test_before_render_template,45,assert rv.data == b'<h1>43</h1>'
tests\test_signals.py,,test_flash_signal,155,assert len(recorded) == 1
tests\test_signals.py,,test_flash_signal,157,assert message == 'This is a flash message'
tests\test_signals.py,,test_flash_signal,158,assert category == 'notice'
tests\test_signals.py,,test_request_exception_signal,108,assert app.test_client().get('/').status_code == 500
tests\test_signals.py,,test_request_exception_signal,109,assert len(recorded) == 1
tests\test_signals.py,,test_request_exception_signal,110,"assert isinstance(recorded[0], ZeroDivisionError)"
tests\test_signals.py,,test_request_signals,58,assert response.data == b'stuff'
tests\test_signals.py,,test_request_signals,81,assert rv.data == b'stuff'
tests\test_signals.py,,test_request_signals,83,"assert calls == ['before-signal', 'before-handler', 'handler', 'after-handler', 'after-signal']"
tests\test_signals.py,,test_template_rendered,17,assert len(recorded) == 1
tests\test_signals.py,,test_template_rendered,19,assert template.name == 'simple_template.html'
tests\test_signals.py,,test_template_rendered,20,assert context['whiskey'] == 42
tests\test_subclassing.py,,test_suppressed_exception_logging,19,assert rv.status_code == 500
tests\test_subclassing.py,,test_suppressed_exception_logging,20,assert b'Internal Server Error' in rv.data
tests\test_subclassing.py,,test_suppressed_exception_logging,21,assert not out.getvalue()
tests\test_templating.py,,test_add_template_filter,138,assert 'my_reverse' in app.jinja_env.filters.keys()
tests\test_templating.py,,test_add_template_filter,139,assert app.jinja_env.filters['my_reverse'] == my_reverse
tests\test_templating.py,,test_add_template_filter,140,assert app.jinja_env.filters['my_reverse']('abcd') == 'dcba'
tests\test_templating.py,,test_add_template_filter_with_name,158,assert 'strrev' in app.jinja_env.filters.keys()
tests\test_templating.py,,test_add_template_filter_with_name,159,assert app.jinja_env.filters['strrev'] == my_reverse
tests\test_templating.py,,test_add_template_filter_with_name,160,assert app.jinja_env.filters['strrev']('abcd') == 'dcba'
tests\test_templating.py,,test_add_template_filter_with_name_and_template,214,assert rv.data == b'dcba'
tests\test_templating.py,,test_add_template_filter_with_template,187,assert rv.data == b'dcba'
tests\test_templating.py,,test_add_template_global,316,assert 'get_stuff' in app.jinja_env.globals.keys()
tests\test_templating.py,,test_add_template_global,317,assert app.jinja_env.globals['get_stuff'] == get_stuff
tests\test_templating.py,,test_add_template_global,318,"assert app.jinja_env.globals['get_stuff'](), 42"
tests\test_templating.py,,test_add_template_global,321,assert rv == '42'
tests\test_templating.py,,test_add_template_test,232,assert 'boolean' in app.jinja_env.tests.keys()
tests\test_templating.py,,test_add_template_test,233,assert app.jinja_env.tests['boolean'] == boolean
tests\test_templating.py,,test_add_template_test,234,assert app.jinja_env.tests['boolean'](False)
tests\test_templating.py,,test_add_template_test_with_name,252,assert 'boolean' in app.jinja_env.tests.keys()
tests\test_templating.py,,test_add_template_test_with_name,253,assert app.jinja_env.tests['boolean'] == is_boolean
tests\test_templating.py,,test_add_template_test_with_name,254,assert app.jinja_env.tests['boolean'](False)
tests\test_templating.py,,test_add_template_test_with_name_and_template,308,assert b'Success!' in rv.data
tests\test_templating.py,,test_add_template_test_with_template,281,assert b'Success!' in rv.data
tests\test_templating.py,,test_context_processing,21,assert rv.data == b'<p>23|42'
tests\test_templating.py,,test_custom_jinja_env,451,"assert isinstance(app.jinja_env, CustomEnvironment)"
tests\test_templating.py,,test_custom_template_loader,339,assert rv.data == b'Hello Custom World!'
tests\test_templating.py,,test_escaping,81,"assert lines == [b'&lt;p&gt;Hello World!', b'<p>Hello World!', b'<p>Hello World!', b'<p>Hello World!', b'&lt;p&gt;Hello World!', b'<p>Hello World!']"
tests\test_templating.py,,test_escaping_without_template_filename,114,"assert flask.render_template_string('{{ foo }}', foo='<test>') == '&lt;test&gt;'"
tests\test_templating.py,,test_escaping_without_template_filename,115,"assert flask.render_template('mail.txt', foo='<test>') == '<test> Mail'"
tests\test_templating.py,,test_iterable_loader,359,assert rv.data == b'<h1>Jameson</h1>'
tests\test_templating.py,,test_macros,120,assert macro('World') == 'Hello World!'
tests\test_templating.py,,test_no_escaping,101,"assert lines == [b'<p>Hello World!', b'<p>Hello World!', b'<p>Hello World!', b'<p>Hello World!', b'&lt;p&gt;Hello World!', b'<p>Hello World!', b'<p>Hello World!', b'<p>Hello World!']"
tests\test_templating.py,,test_original_win,30,assert rv.data == b'42'
tests\test_templating.py,,test_request_less_rendering,50,assert rv == 'Hello Special World 42'
tests\test_templating.py,,test_simple_stream,39,assert rv.data == b'42'
tests\test_templating.py,,test_standard_context,68,"assert rv.data.split() == [b'42', b'23', b'False', b'aha']"
tests\test_templating.py,,test_template_filter,128,assert 'my_reverse' in app.jinja_env.filters.keys()
tests\test_templating.py,,test_template_filter,129,assert app.jinja_env.filters['my_reverse'] == my_reverse
tests\test_templating.py,,test_template_filter,130,assert app.jinja_env.filters['my_reverse']('abcd') == 'dcba'
tests\test_templating.py,,test_template_filter_with_name,148,assert 'strrev' in app.jinja_env.filters.keys()
tests\test_templating.py,,test_template_filter_with_name,149,assert app.jinja_env.filters['strrev'] == my_reverse
tests\test_templating.py,,test_template_filter_with_name,150,assert app.jinja_env.filters['strrev']('abcd') == 'dcba'
tests\test_templating.py,,test_template_filter_with_name_and_template,200,assert rv.data == b'dcba'
tests\test_templating.py,,test_template_filter_with_template,173,assert rv.data == b'dcba'
tests\test_templating.py,,test_template_loader_debugging,416,"assert ""1: trying loader of application 'blueprintapp'"" in text"
tests\test_templating.py,,test_template_loader_debugging,417,"assert ""2: trying loader of blueprint 'admin' (blueprintapp.apps.admin)"" in text"
tests\test_templating.py,,test_template_loader_debugging,420,"assert ""trying loader of blueprint 'frontend' (blueprintapp.apps.frontend)"" in text"
tests\test_templating.py,,test_template_loader_debugging,423,assert 'Error: the template could not be found' in text
tests\test_templating.py,,test_template_loader_debugging,424,"assert ""looked up from an endpoint that belongs to the blueprint 'frontend'"" in text"
tests\test_templating.py,,test_template_loader_debugging,427,assert 'See https://flask.palletsprojects.com/blueprints/#templates' in text
tests\test_templating.py,,test_template_loader_debugging,438,assert 'missing_template.html' in str(excinfo.value)
tests\test_templating.py,,test_template_loader_debugging,440,assert len(called) == 1
tests\test_templating.py,,test_template_test,222,assert 'boolean' in app.jinja_env.tests.keys()
tests\test_templating.py,,test_template_test,223,assert app.jinja_env.tests['boolean'] == boolean
tests\test_templating.py,,test_template_test,224,assert app.jinja_env.tests['boolean'](False)
tests\test_templating.py,,test_template_test_with_name,242,assert 'boolean' in app.jinja_env.tests.keys()
tests\test_templating.py,,test_template_test_with_name,243,assert app.jinja_env.tests['boolean'] == is_boolean
tests\test_templating.py,,test_template_test_with_name,244,assert app.jinja_env.tests['boolean'](False)
tests\test_templating.py,,test_template_test_with_name_and_template,294,assert b'Success!' in rv.data
tests\test_templating.py,,test_template_test_with_template,267,assert b'Success!' in rv.data
tests\test_templating.py,,test_templates_auto_reload,364,assert app.debug is False
tests\test_templating.py,,test_templates_auto_reload,365,assert app.config['TEMPLATES_AUTO_RELOAD'] is None
tests\test_templating.py,,test_templates_auto_reload,366,assert app.jinja_env.auto_reload is False
tests\test_templating.py,,test_templates_auto_reload,370,assert app.debug is False
tests\test_templating.py,,test_templates_auto_reload,371,assert app.jinja_env.auto_reload is False
tests\test_templating.py,,test_templates_auto_reload,375,assert app.debug is False
tests\test_templating.py,,test_templates_auto_reload,376,assert app.jinja_env.auto_reload is True
tests\test_templating.py,,test_templates_auto_reload,380,assert app.config['TEMPLATES_AUTO_RELOAD'] is None
tests\test_templating.py,,test_templates_auto_reload,381,assert app.jinja_env.auto_reload is True
tests\test_templating.py,,test_templates_auto_reload,386,assert app.jinja_env.auto_reload is False
tests\test_templating.py,,test_templates_auto_reload,391,assert app.jinja_env.auto_reload is True
tests\test_templating.py,,test_templates_auto_reload_debug_run,401,assert not app.jinja_env.auto_reload
tests\test_templating.py,,test_templates_auto_reload_debug_run,404,assert app.jinja_env.auto_reload
tests\test_templating.py,_TestHandler,handle,416,"assert ""1: trying loader of application 'blueprintapp'"" in text"
tests\test_templating.py,_TestHandler,handle,417,"assert ""2: trying loader of blueprint 'admin' (blueprintapp.apps.admin)"" in text"
tests\test_templating.py,_TestHandler,handle,420,"assert ""trying loader of blueprint 'frontend' (blueprintapp.apps.frontend)"" in text"
tests\test_templating.py,_TestHandler,handle,423,assert 'Error: the template could not be found' in text
tests\test_templating.py,_TestHandler,handle,424,"assert ""looked up from an endpoint that belongs to the blueprint 'frontend'"" in text"
tests\test_templating.py,_TestHandler,handle,427,assert 'See https://flask.palletsprojects.com/blueprints/#templates' in text
tests\test_testing.py,,test_blueprint_with_subdomain,132,assert ctx.request.url == 'http://xxx.example.com:1234/foo/'
tests\test_testing.py,,test_blueprint_with_subdomain,135,assert ctx.request.blueprint == bp.name
tests\test_testing.py,,test_blueprint_with_subdomain,138,assert rv.data == b'http://xxx.example.com:1234/foo/'
tests\test_testing.py,,test_cli_custom_obj,379,assert NS.called
tests\test_testing.py,,test_cli_invoke,358,assert 'Hello' in result.output
tests\test_testing.py,,test_cli_invoke,361,assert 'Hello' in result.output
tests\test_testing.py,,test_cli_runner_class,340,"assert isinstance(runner, FlaskCliRunner)"
tests\test_testing.py,,test_cli_runner_class,347,"assert isinstance(runner, SubRunner)"
tests\test_testing.py,,test_client_json_no_app_context,298,"assert rv.get_data(as_text=True) == 'Hello, Flask!'"
tests\test_testing.py,,test_client_json_no_app_context,299,assert ns.count == 1
tests\test_testing.py,,test_client_open_environ,82,assert rv.data == b'127.0.0.1'
tests\test_testing.py,,test_client_open_environ,87,assert rv.data == b'127.0.0.2'
tests\test_testing.py,,test_client_pop_all_preserved,396,assert _cv_request.get(None) is req_ctx
tests\test_testing.py,,test_environ_base_default,51,assert flask.g.remote_addr == '127.0.0.1'
tests\test_testing.py,,test_environ_base_default,52,assert flask.g.user_agent == f'Werkzeug/{importlib.metadata.version('werkzeug')}'
tests\test_testing.py,,test_environ_base_modified,69,assert flask.g.remote_addr == '192.168.0.22'
tests\test_testing.py,,test_environ_base_modified,70,assert flask.g.user_agent == 'Foo'
tests\test_testing.py,,test_environ_defaults,36,assert ctx.request.url == 'http://localhost/'
tests\test_testing.py,,test_environ_defaults,39,assert rv.data == b'http://localhost/'
tests\test_testing.py,,test_environ_defaults_from_config,24,assert ctx.request.url == 'http://example.com:1234/foo/'
tests\test_testing.py,,test_environ_defaults_from_config,27,assert rv.data == b'http://example.com:1234/foo/'
tests\test_testing.py,,test_environbuilder_json_dumps,114,"assert eb.input_stream.read().decode('utf8') == '""€""'"
tests\test_testing.py,,test_full_url_request,258,assert rv.status_code == 200
tests\test_testing.py,,test_full_url_request,259,assert 'gin' in flask.request.form
tests\test_testing.py,,test_full_url_request,260,assert 'vodka' in flask.request.args
tests\test_testing.py,,test_json_request_and_response,273,assert flask.request.is_json
tests\test_testing.py,,test_json_request_and_response,274,assert flask.request.get_json() == json_data
tests\test_testing.py,,test_json_request_and_response,277,assert rv.status_code == 200
tests\test_testing.py,,test_json_request_and_response,278,assert rv.is_json
tests\test_testing.py,,test_json_request_and_response,279,assert rv.get_json() == json_data
tests\test_testing.py,,test_nosubdomain,334,assert 200 == response.status_code
tests\test_testing.py,,test_nosubdomain,335,assert b'xxx' == response.data
tests\test_testing.py,,test_path_is_url,104,assert eb.url_scheme == 'https'
tests\test_testing.py,,test_path_is_url,105,assert eb.host == 'example.com'
tests\test_testing.py,,test_path_is_url,106,assert eb.script_root == ''
tests\test_testing.py,,test_path_is_url,107,assert eb.path == '/'
tests\test_testing.py,,test_redirect_keep_session,155,assert rv.data == b'<missing>'
tests\test_testing.py,,test_redirect_keep_session,158,assert rv.data == b'index'
tests\test_testing.py,,test_redirect_keep_session,159,assert flask.session.get('data') == 'foo'
tests\test_testing.py,,test_redirect_keep_session,162,assert rv.data == b'foo'
tests\test_testing.py,,test_redirect_keep_session,163,assert flask.session.get('data') == 'foo'
tests\test_testing.py,,test_redirect_keep_session,166,assert rv.data == b'foo'
tests\test_testing.py,,test_reuse_client,245,assert client.get('/').status_code == 404
tests\test_testing.py,,test_reuse_client,248,assert client.get('/').status_code == 404
tests\test_testing.py,,test_session_transactions,176,assert len(sess) == 0
tests\test_testing.py,,test_session_transactions,178,assert len(sess) == 1
tests\test_testing.py,,test_session_transactions,180,assert rv.data == b'[42]'
tests\test_testing.py,,test_session_transactions,182,assert len(sess) == 1
tests\test_testing.py,,test_session_transactions,183,assert sess['foo'] == [42]
tests\test_testing.py,,test_session_transactions_keep_context,199,assert req is not None
tests\test_testing.py,,test_session_transactions_keep_context,201,assert req is flask.request._get_current_object()
tests\test_testing.py,,test_session_transactions_no_null_sessions,193,assert 'Session backend did not open a session' in str(e.value)
tests\test_testing.py,,test_specify_url_scheme,96,assert ctx.request.url == 'https://localhost/'
tests\test_testing.py,,test_specify_url_scheme,99,assert rv.data == b'https://localhost/'
tests\test_testing.py,,test_subdomain,317,assert 200 == response.status_code
tests\test_testing.py,,test_subdomain,318,assert b'xxx' == response.data
tests\test_testing.py,,test_test_client_context_binding,226,assert flask.g.value == 42
tests\test_testing.py,,test_test_client_context_binding,227,assert resp.data == b'Hello World!'
tests\test_testing.py,,test_test_client_context_binding,228,assert resp.status_code == 200
tests\test_testing.py,,test_test_client_context_binding,232,"assert not hasattr(flask.g, 'value')"
tests\test_testing.py,,test_test_client_context_binding,233,assert b'Internal Server Error' in resp.data
tests\test_testing.py,,test_test_client_context_binding,234,assert resp.status_code == 500
tests\test_user_error_handler.py,,bp_exception_handler,168,"assert isinstance(e, HTTPException)"
tests\test_user_error_handler.py,,bp_exception_handler,169,"assert isinstance(e, NotFound)"
tests\test_user_error_handler.py,,bp_forbidden_handler,174,"assert isinstance(e, Forbidden)"
tests\test_user_error_handler.py,,catchall_exception_handler,189,"assert isinstance(e, HTTPException)"
tests\test_user_error_handler.py,,catchall_exception_handler,190,"assert isinstance(e, NotFound)"
tests\test_user_error_handler.py,,catchall_forbidden_handler,195,"assert isinstance(e, Forbidden)"
tests\test_user_error_handler.py,,child_exception_handler,78,"assert isinstance(e, ChildExceptionRegistered)"
tests\test_user_error_handler.py,,code_exception_handler,109,"assert isinstance(e, Forbidden)"
tests\test_user_error_handler.py,,custom_exception_handler,16,"assert isinstance(e, CustomException)"
tests\test_user_error_handler.py,,handle_500,31,"assert isinstance(e, InternalServerError)"
tests\test_user_error_handler.py,,parent_exception_handler,73,"assert isinstance(e, ParentException)"
tests\test_user_error_handler.py,,subclass_exception_handler,114,"assert isinstance(e, ForbiddenSubclassRegistered)"
tests\test_user_error_handler.py,,test_default_error_handler,168,"assert isinstance(e, HTTPException)"
tests\test_user_error_handler.py,,test_default_error_handler,169,"assert isinstance(e, NotFound)"
tests\test_user_error_handler.py,,test_default_error_handler,174,"assert isinstance(e, Forbidden)"
tests\test_user_error_handler.py,,test_default_error_handler,189,"assert isinstance(e, HTTPException)"
tests\test_user_error_handler.py,,test_default_error_handler,190,"assert isinstance(e, NotFound)"
tests\test_user_error_handler.py,,test_default_error_handler,195,"assert isinstance(e, Forbidden)"
tests\test_user_error_handler.py,,test_default_error_handler,209,assert c.get('/bp/undefined').data == b'bp-default'
tests\test_user_error_handler.py,,test_default_error_handler,210,assert c.get('/bp/forbidden').data == b'bp-forbidden'
tests\test_user_error_handler.py,,test_default_error_handler,211,assert c.get('/undefined').data == b'default'
tests\test_user_error_handler.py,,test_default_error_handler,212,assert c.get('/forbidden').data == b'forbidden'
tests\test_user_error_handler.py,,test_default_error_handler,214,"assert c.get('/slash', follow_redirects=True).data == b'slash'"
tests\test_user_error_handler.py,,test_error_handler_blueprint,159,assert c.get('/error').data == b'app-error'
tests\test_user_error_handler.py,,test_error_handler_blueprint,160,assert c.get('/bp/error').data == b'bp-error'
tests\test_user_error_handler.py,,test_error_handler_http_subclass,109,"assert isinstance(e, Forbidden)"
tests\test_user_error_handler.py,,test_error_handler_http_subclass,114,"assert isinstance(e, ForbiddenSubclassRegistered)"
tests\test_user_error_handler.py,,test_error_handler_http_subclass,131,assert c.get('/forbidden').data == b'forbidden'
tests\test_user_error_handler.py,,test_error_handler_http_subclass,132,assert c.get('/forbidden-unregistered').data == b'forbidden'
tests\test_user_error_handler.py,,test_error_handler_http_subclass,133,assert c.get('/forbidden-registered').data == b'forbidden-registered'
tests\test_user_error_handler.py,,test_error_handler_no_match,16,"assert isinstance(e, CustomException)"
tests\test_user_error_handler.py,,test_error_handler_no_match,22,"assert 'CustomException() is an instance, not a class.' in str(exc_info.value)"
tests\test_user_error_handler.py,,test_error_handler_no_match,27,"assert ""'list' is not a subclass of Exception."" in str(exc_info.value)"
tests\test_user_error_handler.py,,test_error_handler_no_match,31,"assert isinstance(e, InternalServerError)"
tests\test_user_error_handler.py,,test_error_handler_no_match,41,assert 'Use a subclass of HTTPException' in str(exc_info.value)
tests\test_user_error_handler.py,,test_error_handler_no_match,56,assert client.get('/custom').data == b'custom'
tests\test_user_error_handler.py,,test_error_handler_no_match,57,assert client.get('/keyerror').data == b'wrapped KeyError'
tests\test_user_error_handler.py,,test_error_handler_no_match,58,assert client.get('/abort').data == b'direct'
tests\test_user_error_handler.py,,test_error_handler_subclass,73,"assert isinstance(e, ParentException)"
tests\test_user_error_handler.py,,test_error_handler_subclass,78,"assert isinstance(e, ChildExceptionRegistered)"
tests\test_user_error_handler.py,,test_error_handler_subclass,95,assert c.get('/parent').data == b'parent'
tests\test_user_error_handler.py,,test_error_handler_subclass,96,assert c.get('/child-unregistered').data == b'parent'
tests\test_user_error_handler.py,,test_error_handler_subclass,97,assert c.get('/child-registered').data == b'child-registered'
tests\test_user_error_handler.py,TestGenericHandlers,handle_500,261,"assert isinstance(e, InternalServerError)"
tests\test_user_error_handler.py,TestGenericHandlers,handle_http,276,"assert isinstance(e, HTTPException)"
tests\test_user_error_handler.py,TestGenericHandlers,test_handle_class_or_code,261,"assert isinstance(e, InternalServerError)"
tests\test_user_error_handler.py,TestGenericHandlers,test_handle_class_or_code,264,assert client.get('/custom').data == b'wrapped Custom'
tests\test_user_error_handler.py,TestGenericHandlers,test_handle_class_or_code,265,assert client.get('/error').data == b'wrapped KeyError'
tests\test_user_error_handler.py,TestGenericHandlers,test_handle_class_or_code,266,assert client.get('/abort').data == b'direct InternalServerError'
tests\test_user_error_handler.py,TestGenericHandlers,test_handle_class_or_code,267,assert client.get('/raise').data == b'direct InternalServerError'
tests\test_user_error_handler.py,TestGenericHandlers,test_handle_generic,292,assert client.get('/custom').data == b'direct Custom'
tests\test_user_error_handler.py,TestGenericHandlers,test_handle_generic,293,assert client.get('/error').data == b'direct KeyError'
tests\test_user_error_handler.py,TestGenericHandlers,test_handle_generic,294,assert client.get('/abort').data == b'direct InternalServerError'
tests\test_user_error_handler.py,TestGenericHandlers,test_handle_generic,295,assert client.get('/not-found').data == b'direct NotFound'
tests\test_user_error_handler.py,TestGenericHandlers,test_handle_generic_http,276,"assert isinstance(e, HTTPException)"
tests\test_user_error_handler.py,TestGenericHandlers,test_handle_generic_http,279,assert client.get('/error').data == b'500'
tests\test_user_error_handler.py,TestGenericHandlers,test_handle_generic_http,280,assert client.get('/abort').data == b'500'
tests\test_user_error_handler.py,TestGenericHandlers,test_handle_generic_http,281,assert client.get('/not-found').data == b'404'
tests\test_views.py,,common_test,10,assert c.get('/').data == b'GET'
tests\test_views.py,,common_test,11,assert c.post('/').data == b'POST'
tests\test_views.py,,common_test,12,assert c.put('/').status_code == 405
tests\test_views.py,,common_test,14,"assert sorted(meths) == ['GET', 'HEAD', 'OPTIONS', 'POST']"
tests\test_views.py,,test_explicit_head,165,assert rv.data == b'GET'
tests\test_views.py,,test_explicit_head,167,assert rv.data == b''
tests\test_views.py,,test_explicit_head,168,assert rv.headers['X-Method'] == 'HEAD'
tests\test_views.py,,test_implicit_head,148,assert rv.data == b'Blub'
tests\test_views.py,,test_implicit_head,149,assert rv.headers['X-Method'] == 'GET'
tests\test_views.py,,test_implicit_head,151,assert rv.data == b''
tests\test_views.py,,test_implicit_head,152,assert rv.headers['X-Method'] == 'HEAD'
tests\test_views.py,,test_init_once,259,assert client.get('/').data == b'1'
tests\test_views.py,,test_init_once,260,assert client.get('/').data == b'1'
tests\test_views.py,,test_methods_var_inheritance,202,assert client.get('/').data == b'GET'
tests\test_views.py,,test_methods_var_inheritance,203,"assert client.open('/', method='PROPFIND').data == b'PROPFIND'"
tests\test_views.py,,test_methods_var_inheritance,204,"assert ChildView.methods == {'PROPFIND', 'GET'}"
tests\test_views.py,,test_multiple_inheritance,221,assert client.get('/').data == b'GET'
tests\test_views.py,,test_multiple_inheritance,222,assert client.delete('/').data == b'DELETE'
tests\test_views.py,,test_multiple_inheritance,223,"assert sorted(GetDeleteView.methods) == ['DELETE', 'GET']"
tests\test_views.py,,test_remove_method_from_parent,240,assert client.get('/').data == b'GET'
tests\test_views.py,,test_remove_method_from_parent,241,assert client.post('/').status_code == 405
tests\test_views.py,,test_remove_method_from_parent,242,assert sorted(View.methods) == ['GET']
tests\test_views.py,,test_view_decorators,97,assert rv.headers['X-Parachute'] == 'awesome'
tests\test_views.py,,test_view_decorators,98,assert rv.data == b'Awesome'
tests\test_views.py,,test_view_inheritance,77,"assert sorted(meths) == ['DELETE', 'GET', 'HEAD', 'OPTIONS', 'POST']"
tests\test_views.py,,test_view_provide_automatic_options_attr,113,assert rv.status_code == 405
tests\test_views.py,,test_view_provide_automatic_options_attr,127,assert sorted(rv.allow) == ['OPTIONS']
tests\test_views.py,,test_view_provide_automatic_options_attr,138,assert 'OPTIONS' in rv.allow
